Shuckle,100,213,bug,rock,26.9,345.4,84,780081,50,458,Rock Throw,Gyro Ball,Return,12,14,3,50000
Shuckle (Shadow),99.5,213,bug,rock,26.9,345.4,84,780081,50,458,Rock Throw,Frustration,Gyro Ball,14,12,3,50000
Cubone,93.9,104,ground,none,56,91.4,87,445773,19.5,500,Mud Slap,Bone Club,Bulldoze,4,5,3,50000
Tentacool,92.6,72,water,poison,58.4,92,79,424547,19.5,498,Poison Sting,Wrap,Water Pulse,5,7,3,50000
Cubone (Shadow),91.5,104,ground,none,56,91.4,87,445773,19.5,500,Mud Slap,Bone Club,Bulldoze,4,5,3,50000
Ducklett,91.1,580,water,flying,57.6,71.3,106,435461,24,500,Wing Attack,Brave Bird,Aerial Ace,8,6,3,50000
Onix (Shadow),90.6,95,rock,ground,51,136.6,70,487694,18,499,Rock Throw,Breaking Swipe,Frustration,7,14,5,75000
Shelmet,90.4,616,bug,none,49.7,100.1,99,493031,24,496,Acid,Body Slam,Bug Buzz,5,8,3,50000
Probopass (Shadow),89.5,476,rock,steel,56.3,115.5,67,435885,9,497,Rock Throw,Frustration,Magnet Bomb,14,9,3,50000
Wooper,89.5,194,water,ground,59.7,60.5,116,418656,34,500,Mud Shot,Mud Bomb,Body Slam,5,5,3,50000
Pidgey,89.3,16,normal,flying,64.6,63.1,94,383180,29.5,498,Quick Attack,Aerial Ace,Air Cutter,5,5,1,10000
Shelmet (Shadow),89.1,616,bug,none,49.7,100.1,99,493031,24,496,Acid,Body Slam,Bug Buzz,5,8,3,50000
Onix,88.8,95,rock,ground,51,136.6,70,487694,18,499,Rock Throw,Breaking Swipe,Heavy Slam,7,10,5,75000
Gligar,87.8,207,ground,flying,63.4,82.4,75,391598,10,498,Fury Cutter,Aerial Ace,Dig,10,13,5,75000
Venonat (Shadow),87.6,48,bug,poison,61.3,66.1,99,401260,19.5,497,Bug Bite,Frustration,Poison Fang,24,14,3,50000
Barboach,87.3,339,water,ground,64.1,63.5,95,386772,24,499,Mud Shot,Mud Bomb,Aqua Tail,5,5,1,10000
Stunky (Shadow),87.3,434,poison,dark,69.5,57,91,360128,16.5,500,Bite,Crunch,Flamethrower,23,28,3,50000
Venonat,87.3,48,bug,poison,61.3,66.1,99,401260,19.5,497,Bug Bite,Poison Fang,Psybeam,14,20,3,50000
Grimer (Alolan) (Shadow),87,88,poison,dark,70,51.5,99,356693,14,500,Bite,Crunch,Frustration,23,35,3,50000
Wooper (Shadow),86.7,194,water,ground,59.7,60.5,116,418656,34,500,Mud Shot,Mud Bomb,Body Slam,5,5,3,50000
Ledyba,86.6,165,bug,flying,53.2,91.4,96,466924,29,499,Bug Bite,Aerial Ace,Return,14,24,1,10000
Primarina,86.3,730,water,fairy,75.8,66.1,65,325791,6,497,Charm,Disarming Voice,Hydro Cannon,8,7,3,10000
Vulpix,86,37,fire,none,64,77.3,79,390846,22.5,500,Ember,Weather Ball (Fire),Body Slam,5,5,3,50000
Ledyba (Shadow),85.9,165,bug,flying,53.7,91.2,94,460498,28,497,Bug Bite,Aerial Ace,Frustration,14,24,1,10000
Skuntank (Shadow),85.9,435,poison,dark,70.9,54.8,90,349676,8,499,Bite,Crunch,Flamethrower,23,28,3,50000
Squirtle,85.9,7,water,none,59.9,81,85,412493,20.5,497,Bubble,Aqua Tail,Aqua Jet,4,4,3,10000
Probopass,85.8,476,rock,steel,56.3,118.4,66,440301,9.5,500,Rock Throw,Magnet Bomb,Rock Slide,9,9,3,50000
Zigzagoon (Galarian),85.6,263,dark,normal,53.8,79,108,458776,50,497,Tackle,Body Slam,Dig,12,17,1,10000
Nosepass (Shadow),85.5,299,rock,none,51.4,135,69,478615,20,499,Rock Throw,Frustration,Rock Blast,14,8,3,50000
Raticate (Alolan) (Shadow),85.5,20,dark,normal,62.9,74.9,84,395797,11,499,Bite,Crunch,Frustration,23,35,1,10000
Weezing (Galarian) (Shadow),85.5,110,poison,fairy,69,80.2,65,359794,8.5,500,Fairy Wind,Brutal Swing,Frustration,4,8,3,50000
Drifloon,85.3,425,ghost,flying,65.7,50.8,114,380358,16,500,Astonish,Icy Wind,Ominous Wind,5,5,5,75000
Drifloon (Shadow),85.1,425,ghost,flying,65.7,50.8,114,380358,16,500,Astonish,Frustration,Icy Wind,7,5,5,75000
Ninetales (Alolan) (Shadow),85.1,38,ice,fairy,67.4,78.3,70,369615,8.5,499,Charm,Blizzard,Dazzling Gleam,13,10,3,50000
Ducklett (Shadow),84.4,580,water,flying,57.6,71.3,106,435461,24,500,Wing Attack,Brave Bird,Aerial Ace,8,6,3,50000
Wobbuffet (Shadow),84.4,202,psychic,none,38.2,71.7,235,644109,20,496,Charm,Frustration,Mirror Coat,12,10,3,50000
Dewott,84.2,502,water,none,71.8,58,83,345846,11,499,Fury Cutter,Aqua Tail,Water Pulse,9,14,3,10000
Muk (Alolan),84.2,89,poison,dark,67.7,63.6,85,365992,7,498,Bite,Acid Spray,Dark Pulse,23,25,3,50000
Steelix,84.2,208,steel,ground,57,105.8,72,434543,8,497,Dragon Tail,Breaking Swipe,Crunch,4,5,5,75000
Pidgey (Shadow),83.8,16,normal,flying,64.6,63.1,94,383180,29.5,498,Quick Attack,Aerial Ace,Air Cutter,5,5,1,10000
Tentacool (Shadow),83.8,72,water,poison,58.6,93.1,77,420040,18.5,497,Poison Sting,Wrap,Water Pulse,5,7,3,50000
Steelix (Shadow),83.4,208,steel,ground,57,105.8,72,434543,8,497,Dragon Tail,Breaking Swipe,Crunch,4,5,5,75000
Wobbuffet,83.4,202,psychic,none,38.1,73.2,235,655317,20.5,500,Charm,Mirror Coat,Mirror Coat,10,0,3,50000
Quagsire,83.3,195,water,ground,64.1,63.7,94,384306,9.5,498,Mud Shot,Acid Spray,Aqua Tail,6,5,3,50000
Stunky,83.1,434,poison,dark,69.5,57,91,360128,16.5,500,Bite,Crunch,Flamethrower,23,28,3,50000
Grimer (Alolan),82.9,88,poison,dark,70,51.5,99,356693,14,500,Bite,Crunch,Gunk Shot,23,38,3,50000
Relicanth,82.9,369,water,rock,60.5,78.3,86,407552,7.5,498,Water Gun,Ancient Power,Aqua Tail,15,12,5,75000
Marowak,82.7,105,ground,none,64.5,84.4,71,386641,10.5,500,Mud Slap,Bone Club,Dig,4,5,3,50000
Nosepass,82.7,299,rock,none,51.4,136.5,69,484350,21,499,Rock Throw,Rock Blast,Rock Slide,8,9,3,50000
Weezing (Galarian),82.7,110,poison,fairy,69,80.2,65,359794,8.5,500,Fairy Wind,Brutal Swing,Hyper Beam,4,9,3,50000
Ledian (Shadow),82.6,166,bug,flying,57,94.6,81,436659,14.5,499,Bug Bite,Aerial Ace,Bug Buzz,14,20,1,10000
Drifblim (Shadow),82.5,426,ghost,flying,69.4,42.8,121,359311,8,499,Astonish,Frustration,Icy Wind,7,5,5,75000
Machop,82.5,66,fighting,none,73.5,49.7,93,339379,15,499,Karate Chop,Brick Break,Cross Chop,5,4,3,50000
Ninetales (Alolan),82,38,ice,fairy,67.4,78.3,70,369615,8.5,499,Charm,Blizzard,Dazzling Gleam,13,10,3,50000
Drifblim,81.9,426,ghost,flying,69.4,42.8,121,359311,8,499,Astonish,Icy Wind,Mystical Fire,5,5,5,75000
Nidoran Female,81.9,29,poison,none,58.9,67.4,105,416872,24,496,Bite,Body Slam,Poison Fang,18,20,3,50000
Ledian,81.8,166,bug,flying,57,94.6,81,436659,14.5,499,Bug Bite,Aerial Ace,Bug Buzz,14,20,1,10000
Raticate (Alolan),81.6,20,dark,normal,62.9,74.9,84,395797,11,499,Bite,Crunch,Hyper Beam,23,40,1,10000
Drapion,81.5,452,poison,dark,68.9,77.9,67,359569,7.5,500,Bite,Aqua Tail,Crunch,18,23,5,75000
Skuntank,81.4,435,poison,dark,70.9,54.8,90,349676,8,499,Bite,Crunch,Flamethrower,23,28,3,50000
Tepig,81.4,498,fire,none,67.4,56.7,96,366951,18,499,Ember,Body Slam,Flame Charge,5,8,3,10000
Zubat,81.4,41,poison,flying,63.9,64.7,94,388507,30.5,498,Bite,Air Cutter,Poison Fang,18,20,1,10000
Dratini (Shadow),81.2,147,dragon,none,71.6,60.6,79,342632,19,495,Dragon Breath,Aqua Tail,Frustration,12,24,5,75000
Duskull,81.2,355,ghost,none,53.5,124.1,70,464615,28.5,500,Astonish,Night Shade,Ominous Wind,5,5,3,50000
Litwick (Shadow),81.2,607,ghost,fire,66.1,63.7,89,374603,19.5,497,Astonish,Mystical Fire,Flame Charge,5,5,5,75000
Marowak (Shadow),81.2,105,ground,none,64.5,84.4,71,386641,10.5,500,Mud Slap,Bone Club,Dig,4,5,3,50000
Vibrava (Shadow),81.1,329,ground,dragon,72.6,58.9,79,337754,15.5,498,Dragon Breath,Bug Buzz,Bulldoze,20,15,5,75000
Foongus,80.8,590,grass,poison,60.9,61.5,109,408690,20,499,Astonish,Body Slam,Grass Knot,4,5,3,50000
Dratini,80.7,147,dragon,none,72.2,60.6,79,345417,19,499,Dragon Breath,Aqua Tail,Twister,12,15,5,75000
Gliscor,80.7,472,ground,flying,67,81.4,68,370976,7,500,Fury Cutter,Aerial Ace,Earthquake,10,17,5,75000
Litwick,80.7,607,ghost,fire,66.1,63.7,89,374603,19.5,497,Astonish,Mystical Fire,Flame Charge,5,5,5,75000
Kakuna (Shadow),80.5,14,bug,poison,51.3,75.6,120,465181,50,488,Bug Bite,Frustration,Struggle,24,34,1,10000
Mightyena (Shadow),80.5,262,dark,none,73.2,60.4,76,336235,9.5,496,Bite,Crunch,Frustration,23,35,1,10000
Wailmer,80.5,320,water,none,67.9,38.5,140,366407,13,500,Rollout,Body Slam,Scald,3,4,1,10000
Shelgon (Shadow),80.4,372,dragon,none,72.4,65.8,72,342813,9.5,500,Dragon Breath,Dragon Pulse,Flamethrower,20,19,5,75000
Metapod (Shadow),80.3,11,bug,none,50.4,78.1,126,496448,50,500,Bug Bite,Frustration,Struggle,24,34,1,10000
Spheal,80,363,ice,water,60.3,62.7,109,412541,20,499,Water Gun,Body Slam,Water Pulse,12,19,3,50000
Vulpix (Shadow),80,37,fire,none,64,77.3,79,390846,22.5,500,Ember,Weather Ball (Fire),Body Slam,5,5,3,50000
Zigzagoon (Galarian) (Shadow),80,263,dark,normal,53.8,79,108,458776,50,497,Tackle,Body Slam,Dig,12,17,1,10000
Jumpluff,79.8,189,grass,flying,55.7,89.7,88,439910,11.5,496,Bullet Seed,Acrobatics,Aerial Ace,5,4,3,50000
Rhyhorn,79.8,111,ground,rock,65.2,64.3,90,377750,11.5,498,Mud Slap,Bulldoze,Horn Attack,5,4,3,50000
Dragonite,79.7,149,dragon,flying,79.8,60.4,65,313223,5,500,Dragon Breath,Draco Meteor,Dragon Claw,22,12,5,75000
Yamask (Galarian),79.6,562,ground,ghost,59.6,92,76,416676,19.5,498,Astonish,Night Shade,Rock Tomb,5,5,3,50000
Barboach (Shadow),79.4,339,water,ground,64.1,63.5,95,386772,24,499,Mud Shot,Mud Bomb,Aqua Tail,5,5,1,10000
Dragonair (Shadow),79.4,148,dragon,none,72.7,64.9,72,340064,10.5,499,Dragon Breath,Aqua Tail,Body Slam,12,12,5,75000
Chikorita,79.3,152,grass,none,59.5,84.9,83,418811,21.5,499,Vine Whip,Body Slam,Grass Knot,5,7,3,10000
Kingdra,79.3,230,water,dragon,71.9,72.3,67,348411,7,500,Dragon Breath,Blizzard,Hydro Pump,25,25,3,50000
Moltres (Galarian),79.3,146,dark,flying,66.8,79,70,369270,6,500,Sucker Punch,Ancient Power,Brave Bird,7,8,20,100000
Duskull (Shadow),79.2,355,ghost,none,53.5,124.1,70,464615,28.5,500,Astonish,Frustration,Night Shade,7,5,3,50000
Meowth (Alolan),79,52,dark,none,68.1,60.9,87,360387,24,497,Bite,Dark Pulse,Foul Play,25,20,3,50000
Machoke,78.9,67,fighting,none,74.8,55.1,81,334006,9.5,499,Karate Chop,Brick Break,Cross Chop,5,4,3,50000
Corsola (Galarian),78.6,222,ghost,none,57.8,92.5,80,427660,13,500,Astonish,Night Shade,Power Gem,5,5,3,50000
Koffing,78.6,109,poison,none,65.2,83.4,70,380401,16,497,Acid,Dark Pulse,Sludge,7,5,3,50000
Zubat (Shadow),78.6,41,poison,flying,63.9,64.7,94,388507,30.5,498,Bite,Air Cutter,Frustration,18,35,1,10000
Forretress (Shadow),78.3,205,bug,steel,64.3,81.4,74,387534,8.5,500,Bug Bite,Earthquake,Frustration,22,24,5,75000
Geodude (Alolan) (Shadow),78.3,74,rock,electric,70.9,71.9,69,351744,15,500,Rock Throw,Frustration,Rock Slide,14,9,1,10000
Metapod,78.3,11,bug,none,50.4,78.1,126,496448,50,500,Bug Bite,Return,Struggle,24,34,1,10000
Skorupi,78.3,451,poison,bug,57.8,94.4,79,431035,19.5,499,Infestation,Aqua Tail,Cross Poison,3,3,5,75000
Squirtle (Shadow),78.3,7,water,none,59.9,81,85,412493,20.5,497,Bubble,Aqua Tail,Aqua Jet,4,4,3,10000
Dragonair,78,148,dragon,none,72.7,64.9,72,340064,10.5,499,Dragon Breath,Aqua Tail,Body Slam,12,12,5,75000
Gligar (Shadow),78,207,ground,flying,63.4,82.4,75,391598,10,498,Fury Cutter,Aerial Ace,Dig,10,13,5,75000
Geodude (Shadow),77.9,74,rock,ground,70.9,71.9,69,351744,15,500,Rock Throw,Dig,Frustration,10,14,1,10000
Sealeo,77.9,364,ice,water,62.9,65.1,96,393455,11,499,Powder Snow,Aurora Beam,Body Slam,8,5,3,50000
Bunnelby,77.8,659,normal,none,58.3,70.5,103,423624,44,498,Mud Slap,Bulldoze,Dig,5,5,1,10000
Pineco,77.8,204,bug,none,62.9,75.9,83,396548,18,500,Bug Bite,Gyro Ball,Rock Tomb,20,17,5,75000
Kakuna,77.6,14,bug,poison,51.3,75.6,120,465181,50,488,Bug Bite,Return,Struggle,24,34,1,10000
Vibrava,77.6,329,ground,dragon,72.6,58.9,79,337754,15.5,498,Dragon Breath,Bug Buzz,Bulldoze,20,15,5,75000
Graveler (Alolan) (Shadow),77.5,75,rock,electric,71.4,73.9,66,348435,10,500,Rock Throw,Frustration,Rock Blast,14,8,1,10000
Carracosta,77.4,565,water,rock,70.5,74,67,349898,7,499,Rock Throw,Ancient Power,Body Slam,9,7,5,75000
Machop (Shadow),77.4,66,fighting,none,73.5,49.7,93,339379,15,499,Karate Chop,Brick Break,Cross Chop,5,4,3,50000
Nidoran Female (Shadow),77.4,29,poison,none,58.9,67.4,105,416872,24,496,Bite,Body Slam,Frustration,18,35,3,50000
Whiscash,77.4,340,water,ground,62.7,61.5,102,393732,9,498,Mud Shot,Blizzard,Mud Bomb,10,5,1,10000
Quagsire (Shadow),77.2,195,water,ground,64.1,63.7,94,384306,9.5,498,Mud Shot,Acid Spray,Aqua Tail,6,5,3,50000
Whirlipede (Shadow),77.2,544,bug,poison,57.8,103,72,428884,17,500,Bug Bite,Frustration,Gyro Ball,24,20,1,10000
Escavalier,76.9,589,bug,steel,77.2,67.1,62,320917,6.5,500,Bug Bite,Acid Spray,Aerial Ace,15,14,3,50000
Aron,76.8,304,steel,rock,65.2,76.6,77,384384,15,500,Metal Claw,Body Slam,Iron Head,5,8,1,10000
Geodude (Alolan),76.8,74,rock,electric,69.8,73.5,69,354090,15,500,Rock Throw,Rock Slide,Rock Tomb,9,10,1,10000
Grimer,76.8,88,poison,none,69,52.5,99,358424,14,499,Acid,Mud Bomb,Sludge,5,5,3,50000
Tepig (Shadow),76.8,498,fire,none,67.4,56.7,96,366951,18,499,Ember,Body Slam,Flame Charge,5,8,3,10000
Forretress,76.7,205,bug,steel,64.3,81.4,74,387534,8.5,500,Bug Bite,Earthquake,Heavy Slam,22,17,5,75000
Mightyena,76.5,262,dark,none,73.2,60.4,76,336235,9.5,496,Bite,Crunch,Play Rough,23,30,1,10000
Nidorina,76.5,30,poison,none,62.6,69.8,91,397927,15,499,Bite,Dig,Poison Fang,25,20,3,50000
Tropius,76.5,357,grass,flying,59.2,73.9,96,419847,10,499,Air Slash,Aerial Ace,Brutal Swing,5,4,5,75000
Weedle (Shadow),76.5,13,bug,poison,63.9,54.6,111,387185,50,498,Bug Bite,Frustration,Struggle,24,34,1,10000
Bunnelby (Shadow),76.4,659,normal,none,58.3,70.5,103,423624,44,498,Mud Slap,Bulldoze,Dig,5,5,1,10000
Spheal (Shadow),76.4,363,ice,water,60.3,62.7,109,412541,20,499,Water Gun,Body Slam,Water Pulse,12,19,3,50000
Swinub,76.3,220,ice,ground,65.3,57.1,102,380348,26.5,499,Powder Snow,Body Slam,Icy Wind,5,6,3,50000
Caterpie (Shadow),76.1,10,bug,none,58.8,58.8,120,415189,50,494,Bug Bite,Frustration,Struggle,24,34,1,10000
Scizor,76.1,212,bug,steel,80.8,64.7,59,308794,6.5,499,Bullet Punch,Iron Head,Night Slash,8,5,5,75000
Kleavor,77,900,bug,rock,144.2,105.1,102,1545034,17.5,1498,Fury Cutter,X-Scissor,Stone Edge,10,14,5,75000
Scizor (Shadow),76.1,212,bug,steel,80.8,64.7,59,308794,6.5,499,Bullet Punch,Iron Head,Night Slash,8,5,5,75000
Shelgon,76.1,372,dragon,none,72.4,65.8,72,342813,9.5,500,Dragon Breath,Dragon Pulse,Flamethrower,20,19,5,75000
Venipede (Shadow),76.1,543,bug,poison,62.6,77.7,82,398746,29,499,Bug Bite,Frustration,Gyro Ball,24,20,1,10000
Chikorita (Shadow),76,152,grass,none,59.5,84.9,83,418811,21.5,499,Vine Whip,Grass Knot,Body Slam,7,5,3,10000
Cyndaquil,76,155,fire,none,72.3,62.1,77,345812,20,500,Ember,Swift,Flame Charge,5,8,3,10000
Golbat (Shadow),76,42,poison,flying,68.7,67.8,78,363402,9.5,499,Bite,Air Cutter,Frustration,18,35,1,10000
Golett,76,622,ground,ghost,70.5,57.2,87,350861,16,499,Astonish,Brick Break,Night Shade,4,5,5,75000
Corsola,75.8,222,water,rock,61,85,78,404201,14,497,Bubble,Bubble Beam,Power Gem,4,5,3,50000
Marowak (Alolan),75.8,105,fire,ghost,64.5,84.4,71,386641,10.5,500,Fire Spin,Bone Club,Fire Blast,4,8,3,50000
Nidorina (Shadow),75.8,30,poison,none,62.6,69.8,91,397927,15,499,Bite,Dig,Frustration,25,35,3,50000
Urshifu (Rapid Strike),75.8,892,fighting,water,76.9,55.7,69,295761,5,478,Counter,Aqua Jet,Brick Break,7,7,20,100000
Geodude,75.7,74,rock,ground,69.8,73.5,69,354090,15,500,Rock Throw,Dig,Rock Slide,10,9,1,10000
Golett (Shadow),75.7,622,ground,ghost,70.5,57.2,87,350861,16,499,Astonish,Brick Break,Frustration,4,7,5,75000
Rhyhorn (Shadow),75.7,111,ground,rock,65.2,64.3,90,377750,11.5,498,Mud Slap,Bulldoze,Frustration,5,7,3,50000
Skorupi (Shadow),75.7,451,poison,bug,57.8,94.4,79,431035,19.5,499,Infestation,Aqua Tail,Cross Poison,3,3,5,75000
Snorunt,75.7,361,ice,none,62.7,66.5,95,396502,22.5,500,Hex,Avalanche,Icy Wind,4,4,3,50000
Foongus (Shadow),75.4,590,grass,poison,60.9,61.5,109,408690,20,499,Astonish,Grass Knot,Body Slam,5,4,3,50000
Annihilape,75.3,979,fighting,ghost,71.9,58.4,82,344652,6,499,Counter,Close Combat,Ice Punch,8,7,3,50000
Graveler (Alolan),75.3,75,rock,electric,70.1,74.8,67,351406,10,497,Rock Throw,Rock Blast,Stone Edge,8,11,1,10000
Ivysaur (Shadow),75.2,2,grass,poison,69.1,69.6,74,355856,11,497,Razor Leaf,Frustration,Power Whip,18,13,3,10000
Toxicroak,75.2,454,poison,fighting,78.3,52.9,76,314873,7.5,496,Counter,Dynamic Punch,Mud Bomb,8,7,3,50000
Hitmontop (Shadow),74.9,237,fighting,none,70.5,85.7,58,350463,8.5,497,Counter,Close Combat,Frustration,8,12,5,75000
Tyranitar,74.9,248,rock,dark,74.3,64.4,69,330359,5,496,Bite,Brutal Swing,Crunch,18,23,5,75000
Tyranitar (Shadow),74.9,248,rock,dark,74.3,64.4,69,330359,5,496,Bite,Brutal Swing,Crunch,18,23,5,75000
Tyrunt (Shadow),74.9,696,rock,dragon,73.8,62.1,73,334613,11.5,499,Dragon Tail,Ancient Power,Dragon Claw,5,4,5,75000
Zapdos (Galarian),74.9,145,fighting,flying,78.4,60.3,67,316509,5.5,499,Counter,Ancient Power,Brave Bird,8,10,20,100000
Golem (Alolan),74.7,76,rock,electric,72.1,71.1,67,343631,6.5,498,Rock Throw,Rock Blast,Stone Edge,8,11,1,10000
Qwilfish (Hisuian),74.7,211,dark,poison,75.1,65.5,67,329804,9,498,Poison Jab,Aqua Tail,Dark Pulse,5,8,3,50000
Snubbull (Shadow),74.7,209,fairy,none,74.2,51.5,87,332538,15.5,498,Bite,Brick Break,Crunch,20,23,3,50000
Stonjourner,74.7,874,rock,none,72.6,62,76,341764,6,499,Rock Throw,Rock Slide,Stomp,9,8,5,75000
Marowak (Alolan) (Shadow),74.5,105,fire,ghost,64.5,84.4,71,386641,10.5,500,Fire Spin,Bone Club,Fire Blast,4,8,3,50000
Sealeo (Shadow),74.5,364,ice,water,62.9,65.1,96,393455,11,499,Powder Snow,Aurora Beam,Body Slam,8,5,3,50000
Machoke (Shadow),74.3,67,fighting,none,74.8,55.1,81,334006,9.5,499,Karate Chop,Brick Break,Cross Chop,5,4,3,50000
Whirlipede,74.3,544,bug,poison,57.3,103.5,73,433002,17,498,Bug Bite,Gyro Ball,Signal Beam,20,19,1,10000
Oddish (Shadow),74.2,43,grass,poison,72.1,65.7,73,346115,16,500,Razor Leaf,Sludge Bomb,Seed Bomb,13,12,3,50000
Purugly (Shadow),74.2,432,normal,none,73.6,59.6,77,337913,9.5,499,Scratch,Aerial Ace,Frustration,20,35,3,50000
Venomoth,74.2,49,bug,poison,73.5,62.7,73,336682,9,499,Bug Bite,Bug Buzz,Poison Fang,20,14,3,50000
Weedle,74.2,13,bug,poison,63.9,54.6,111,387185,50,498,Bug Bite,Return,Struggle,24,34,1,10000
Dewott (Shadow),74.1,502,water,none,72.2,55.8,85,342764,11,497,Fury Cutter,Aqua Tail,Frustration,9,18,3,10000
Turtwig (Shadow),74.1,387,grass,none,66.7,65.7,85,372500,16.5,500,Razor Leaf,Body Slam,Seed Bomb,9,12,3,10000
Popplio,73.9,728,water,none,68.3,65,81,359555,17,497,Water Gun,Aqua Tail,Aqua Jet,12,14,3,10000
Wartortle (Shadow),73.9,8,water,none,62.6,80.9,78,395251,13,497,Bite,Aqua Jet,Frustration,20,35,3,10000
Pansear,73.8,513,fire,none,66.1,64.3,89,378071,19.5,499,Fire Spin,Crunch,Flame Charge,5,5,3,50000
Starly,73.8,396,normal,flying,72.9,50.2,92,336663,26.5,497,Quick Attack,Aerial Ace,Brave Bird,5,7,1,10000
Cyndaquil (Shadow),73.6,155,fire,none,72.3,62.1,77,345812,20,500,Ember,Swift,Flame Charge,5,8,3,10000
Ivysaur,73.6,2,grass,poison,69.3,68,76,358020,11.5,498,Razor Leaf,Power Whip,Sludge Bomb,13,13,3,10000
Tyrunt,73.6,696,rock,dragon,73.8,62.1,73,334613,11.5,499,Dragon Tail,Ancient Power,Dragon Claw,5,4,5,75000
Pineco (Shadow),73.5,204,bug,none,62.8,75.5,83,393260,17,497,Bug Bite,Frustration,Gyro Ball,24,20,5,75000
Rhydon,73.5,112,ground,rock,72.9,59.7,78,339532,6,498,Mud Slap,Breaking Swipe,Earthquake,4,7,3,50000
Venipede,73.5,543,bug,poison,61.1,80.6,82,404009,29,497,Bug Bite,Gyro Ball,Return,20,24,1,10000
Lileep,73.4,345,rock,grass,56.9,84.3,91,436782,15,500,Acid,Ancient Power,Grass Knot,6,7,3,50000
Pidove,73.4,519,normal,flying,66,58.9,97,377261,23,499,Air Slash,Aerial Ace,Air Cutter,5,4,1,10000
Snivy,73.4,495,grass,none,59.6,76.6,92,419516,24,500,Vine Whip,Seed Bomb,Wrap,6,6,3,10000
Oshawott,73.2,501,water,none,70.3,55.5,91,355205,18,500,Water Gun,Night Slash,Aqua Tail,12,12,3,10000
Slowpoke,73.2,79,water,psychic,60.9,57.7,117,411314,16,500,Confusion,Psyshock,Water Pulse,4,5,3,50000
Slowpoke (Shadow),73.2,79,water,psychic,60.9,57.7,117,411314,16,500,Confusion,Psyshock,Water Pulse,4,5,3,50000
Caterpie,73.1,10,bug,none,58.8,58.8,120,415189,50,494,Bug Bite,Return,Struggle,24,34,1,10000
Flygon,73.1,330,ground,dragon,74.4,63.9,70,332743,7,498,Dragon Tail,Boomburst,Dragon Claw,8,4,5,75000
Flygon (Shadow),73.1,330,ground,dragon,74.4,63.9,70,332743,7,498,Dragon Tail,Boomburst,Dragon Claw,8,4,5,75000
Oddish,73.1,43,grass,poison,71.1,66.3,74,348469,16,500,Razor Leaf,Sludge Bomb,Seed Bomb,13,12,3,50000
Grimer (Shadow),72.8,88,poison,none,70,51.5,99,356693,14,500,Mud Slap,Frustration,Mud Bomb,7,4,3,50000
Snubbull,72.8,209,fairy,none,74.2,51.5,87,332538,15.5,498,Bite,Brick Break,Crunch,20,23,3,50000
Darumaka (Shadow),72.7,554,fire,none,75.6,48.2,89,324202,13,496,Fire Fang,Fire Punch,Flame Charge,7,9,3,50000
Psyduck,72.7,54,water,none,71.1,59.5,83,350807,17,499,Water Gun,Aqua Tail,Cross Chop,12,12,3,50000
Growlithe,72.5,58,fire,none,74,55.4,82,335874,15,499,Ember,Body Slam,Flamethrower,5,8,3,50000
Pignite (Shadow),72.5,499,fire,fighting,74.8,49.3,90,332344,9.5,499,Ember,Flamethrower,Flame Charge,8,8,3,10000
Venusaur,72.5,3,grass,poison,70.5,69.8,71,349800,7,497,Razor Leaf,Frenzy Plant,Petal Blizzard,12,17,3,10000
Venusaur (Shadow),72.5,3,grass,poison,70.5,69.8,71,349800,7,497,Razor Leaf,Frenzy Plant,Petal Blizzard,12,17,3,10000
Bellossom,72.4,182,grass,none,67.1,75.6,73,369959,8.5,498,Acid,Dazzling Gleam,Leaf Blade,7,5,3,50000
Rhyperior,72.4,464,ground,rock,74.3,59.2,76,334370,5,500,Mud Slap,Breaking Swipe,Earthquake,4,7,3,50000
Sharpedo (Shadow),72.4,319,water,dark,96.5,38,70,256610,8.5,499,Bite,Crunch,Frustration,23,35,3,50000
Golbat,72.3,42,poison,flying,68.7,67.8,78,363402,9.5,499,Bite,Air Cutter,Ominous Wind,18,23,1,10000
Oshawott (Shadow),72.3,501,water,none,70.3,55.5,91,355205,18,500,Water Gun,Night Slash,Aqua Tail,12,12,3,10000
Garchomp,72.1,445,dragon,ground,76.9,57.5,73,322684,5,499,Dragon Tail,Earthquake,Earth Power,8,7,5,75000
Blaziken,72,257,fire,fighting,84.2,52.3,67,295200,6.5,500,Counter,Blast Burn,Blaze Kick,9,7,3,10000
Kubfu,72,891,fighting,none,77.9,54.5,73,310309,10.5,493,Counter,Brick Break,Close Combat,7,8,20,100000
Lampent (Shadow),72,608,ghost,fire,77.1,56.3,74,321072,11,499,Astonish,Energy Ball,Flame Burst,6,6,5,75000
Patrat (Shadow),72,504,normal,none,68.8,56.9,93,363669,24.5,500,Bite,Dig,Frustration,25,35,1,10000
Pidgeot,72,18,normal,flying,68.3,65.9,81,364876,9,500,Air Slash,Aerial Ace,Air Cutter,5,4,1,10000
Roggenrola (Shadow),72,524,rock,none,67.3,65.2,84,368797,15.5,500,Smack Down,Bulldoze,Frustration,6,9,3,50000
Tirtouga,72,564,water,rock,67,74.2,75,372497,13,499,Water Gun,Ancient Power,Body Slam,15,12,5,75000
Turtwig,72,387,grass,none,66.7,65.7,85,372500,16.5,500,Razor Leaf,Body Slam,Seed Bomb,9,12,3,10000
Urshifu (Single Strike),72,892,fighting,dark,76.9,55.7,69,295761,5,478,Counter,Brick Break,Close Combat,7,8,20,100000
Carvanha (Shadow),71.9,318,water,dark,101.4,30.6,79,245281,18,499,Bite,Aqua Jet,Poison Fang,20,20,3,50000
Meowth (Shadow),71.9,52,normal,none,66.6,61.1,92,374490,27,500,Bite,Body Slam,Dark Pulse,18,25,3,50000
Roggenrola,71.9,524,rock,none,66.7,65.7,85,372500,16.5,500,Smack Down,Bulldoze,Rock Blast,6,5,3,50000
Farfetch'd,71.7,83,normal,flying,67.8,67.3,80,365398,15.5,500,Air Slash,Aerial Ace,Air Cutter,5,4,3,50000
Growlithe (Shadow),71.7,58,fire,none,74,55.4,82,335874,15,499,Ember,Body Slam,Flamethrower,5,8,3,50000
Hoppip,71.7,187,grass,flying,55.3,83.3,97,447109,38,498,Bullet Seed,Grass Knot,Seed Bomb,4,4,3,50000
Pidove (Shadow),71.7,519,normal,flying,66,58.9,97,377261,23,499,Air Slash,Aerial Ace,Air Cutter,5,4,1,10000
Psyduck (Shadow),71.6,54,water,none,71.1,59.5,83,350807,17,499,Water Gun,Aqua Tail,Cross Chop,12,12,3,50000
Butterfree (Shadow),71.4,12,bug,flying,74,61.9,73,334567,10.5,498,Bug Bite,Bug Buzz,Frustration,20,24,1,10000
Darumaka,71.4,554,fire,none,75.6,48.2,89,324202,13,496,Fire Fang,Fire Punch,Flame Charge,7,9,3,50000
Pidgeotto,71.4,17,normal,flying,65.7,62,93,378883,16,500,Steel Wing,Aerial Ace,Air Cutter,7,6,1,10000
Sharpedo,71.4,319,water,dark,96.5,38,70,256610,8.5,499,Bite,Crunch,Hydro Pump,23,38,3,50000
Staraptor,71.4,398,normal,flying,82.5,51.3,71,300696,6.5,498,Gust,Brave Bird,Close Combat,5,4,1,10000
Tirtouga (Shadow),71.4,564,water,rock,67,74.2,75,372497,13,499,Water Gun,Ancient Power,Body Slam,15,12,5,75000
Chespin,71.3,650,grass,none,64.6,66.9,89,384562,18,499,Vine Whip,Seed Bomb,Body Slam,6,5,3,10000
Combusken (Shadow),71.3,256,fire,fighting,76.2,57.2,75,326737,11,500,Ember,Flamethrower,Flame Charge,8,8,3,10000
Pignite,71.3,499,fire,fighting,74.8,49.3,90,332344,9.5,499,Ember,Flamethrower,Flame Charge,8,8,3,10000
Primeape (Shadow),71.3,57,fighting,none,81.4,56.7,66,304501,8,500,Counter,Close Combat,Cross Chop,8,6,3,50000
Bastiodon (Shadow),71.2,411,rock,steel,47.2,139.3,80,526519,12.5,499,Iron Tail,Flamethrower,Flash Cannon,8,10,5,75000
Drowzee (Shadow),71.2,96,psychic,none,54.9,85.5,97,455157,19.5,500,Confusion,Frustration,Psybeam,6,5,3,50000
Grookey,71,810,grass,none,71.4,57.2,85,347457,18,498,Razor Leaf,Grass Knot,Energy Ball,13,14,3,10000
Conkeldurr,70.9,534,fighting,none,78.4,52.9,75,311138,5.5,494,Counter,Brutal Swing,Dynamic Punch,6,8,5,75000
Crustle,70.9,558,bug,rock,69.6,76.1,67,354903,7.5,499,Fury Cutter,Rock Blast,Rock Slide,10,12,1,10000
Hitmontop,70.9,237,fighting,none,70.5,85.7,58,350463,8.5,497,Counter,Close Combat,Gyro Ball,8,10,5,75000
Mawile (Shadow),70.9,303,steel,fairy,72.5,70.2,67,341066,11.5,500,Astonish,Frustration,Iron Head,7,5,5,75000
Venomoth (Shadow),70.9,49,bug,poison,73.5,62.7,73,336682,9,499,Bug Bite,Bug Buzz,Frustration,20,24,3,50000
Carvanha,70.7,318,water,dark,101.4,30.6,79,245281,18,499,Bite,Aqua Jet,Poison Fang,20,20,3,50000
Fennekin,70.7,653,fire,none,69.9,67.5,75,353967,19,497,Ember,Psyshock,Flame Charge,6,8,3,10000
Piplup,70.7,393,water,none,66.7,63.2,89,374908,18.5,500,Bubble,Drill Peck,Icy Wind,4,5,3,10000
Poliwhirl,70.7,61,water,none,66.3,67.2,84,374319,13.5,499,Bubble,Bubble Beam,Mud Bomb,4,4,3,50000
Aron (Shadow),70.6,304,steel,rock,65.2,76.6,77,384384,15,500,Metal Claw,Body Slam,Frustration,5,10,1,10000
Beedrill (Shadow),70.6,15,bug,poison,73.5,61.3,74,333275,10,497,Bug Bite,Aerial Ace,Drill Run,14,15,1,10000
Loudred (Shadow),70.6,294,normal,none,70.2,47.3,106,352042,14.5,497,Bite,Disarming Voice,Flamethrower,23,28,1,10000
Mawile,70.6,303,steel,fairy,72.5,70.2,67,341066,11.5,500,Astonish,Iron Head,Play Rough,5,6,5,75000
Numel,70.6,322,fire,ground,70.7,52.9,94,351160,18.5,500,Ember,Stomp,Bulldoze,6,7,3,50000
Purugly,70.6,432,normal,none,73.6,59.6,77,337913,9.5,499,Scratch,Aerial Ace,Play Rough,20,30,3,50000
Totodile (Shadow),70.6,158,water,none,66.6,66.6,83,368659,17,497,Water Gun,Crunch,Aqua Jet,15,14,3,10000
Vigoroth,70.6,288,normal,none,67.4,65.4,83,365941,9.5,498,Counter,Body Slam,Brick Break,6,7,5,75000
Drilbur (Shadow),70.5,529,ground,none,79.5,50,79,313847,14,500,Mud Slap,Dig,Drill Run,5,5,3,50000
Entei,70.5,244,fire,none,73.8,56.9,80,335912,5.5,499,Fire Fang,Fire Blast,Flamethrower,14,10,20,100000
Numel (Shadow),70.5,322,fire,ground,70.7,52.9,94,351160,18.5,500,Ember,Stomp,Bulldoze,6,7,3,50000
Pidgeot (Shadow),70.5,18,normal,flying,68.3,65.9,81,364876,9,500,Air Slash,Aerial Ace,Air Cutter,5,4,1,10000
Wartortle,70.5,8,water,none,62.6,80.9,78,395251,13,497,Bite,Aqua Jet,Hydro Pump,20,38,3,10000
Houndoom,70.3,229,dark,fire,81,55.2,68,303972,7,496,Fire Fang,Crunch,Fire Blast,8,14,3,50000
Houndoom (Shadow),70.3,229,dark,fire,81,55.2,68,303972,7,496,Fire Fang,Crunch,Fire Blast,8,14,3,50000
Jumpluff (Shadow),70.3,189,grass,flying,55.7,89.7,88,439910,11.5,496,Bullet Seed,Acrobatics,Aerial Ace,5,4,3,50000
Liepard (Shadow),70.3,510,dark,none,81.1,51.1,73,302735,10,498,Charm,Dark Pulse,Frustration,9,12,1,10000
Muk,70.3,89,poison,none,67.7,63.6,85,365992,7,498,Acid,Acid Spray,Dark Pulse,6,7,3,50000
Muk (Shadow),70.3,89,poison,none,67.7,63.6,85,365992,7,498,Acid,Acid Spray,Dark Pulse,6,7,3,50000
Totodile,70.3,158,water,none,66.6,66.6,83,368659,17,497,Water Gun,Crunch,Aqua Jet,15,14,3,10000
Combusken,70.2,256,fire,fighting,76.2,57.2,75,326737,11,500,Ember,Flamethrower,Flame Charge,8,8,3,10000
Thwackey,70.2,811,grass,none,71.8,61.7,78,345581,10,500,Razor Leaf,Energy Ball,Grass Knot,14,13,3,10000
Wailmer (Shadow),70.2,320,water,none,67.9,38.5,140,366407,13,500,Rollout,Body Slam,Scald,3,4,1,10000
Klefki,70.1,707,steel,fairy,68.3,78.9,67,361058,9.5,498,Astonish,Draining Kiss,Flash Cannon,6,7,3,50000
Beedrill,69.9,15,bug,poison,73.5,61.3,74,333275,10,497,Bug Bite,Aerial Ace,Drill Run,14,15,1,10000
Brionne,69.9,729,water,none,72.7,67.6,69,338962,10,498,Charm,Aqua Jet,Disarming Voice,7,8,3,10000
Hippopotas (Shadow),69.9,449,ground,none,64.5,66,90,382913,14,499,Bite,Body Slam,Dig,18,25,3,50000
Vigoroth (Shadow),69.9,288,normal,none,67.4,65.4,83,365941,9.5,498,Counter,Body Slam,Brick Break,6,7,5,75000
Arcanine (Hisuian),69.8,59,fire,rock,76.4,57.8,73,322418,6,499,Fire Fang,Crunch,Flamethrower,8,10,3,50000
Monferno (Shadow),69.8,391,fire,fighting,75.9,54.1,80,328778,12,499,Ember,Flamethrower,Flame Wheel,8,8,3,10000
Primeape,69.8,57,fighting,none,81.4,56.7,66,304501,8,500,Counter,Close Combat,Cross Chop,8,6,3,50000
Registeel,69.8,379,steel,none,55.2,109.9,74,448771,8,499,Lock On,Flash Cannon,Focus Blast,14,15,20,100000
Registeel (Shadow),69.8,379,steel,none,55.2,109.9,74,448771,8,499,Lock On,Flash Cannon,Focus Blast,14,15,20,100000
Shieldon (Shadow),69.8,410,rock,steel,50.7,133.1,72,485668,22.5,499,Iron Tail,Ancient Power,Frustration,7,10,5,75000
Amoonguss,69.6,591,grass,poison,63.5,59.1,104,390726,9,499,Astonish,Foul Play,Grass Knot,4,5,3,50000
Panpour,69.6,515,water,none,66.1,64.3,89,378071,19.5,499,Water Gun,Crunch,Surf,15,15,3,50000
Seedot,69.6,273,grass,none,58.6,69.6,104,424292,38.5,500,Bullet Seed,Grass Knot,Foul Play,4,4,3,50000
Granbull,69.4,210,fairy,none,78.3,51.8,78,316519,7.5,498,Bite,Close Combat,Crunch,23,23,3,50000
Gyarados,69.4,130,water,flying,76.2,60.9,70,324905,5.5,500,Bite,Aqua Tail,Crunch,18,23,1,10000
Gyarados (Shadow),69.4,130,water,flying,76.2,60.9,70,324905,5.5,500,Bite,Aqua Tail,Crunch,18,23,1,10000
Misdreavus (Shadow),69.4,200,ghost,none,72.2,71,67,343585,10,498,Astonish,Dark Pulse,Frustration,5,7,3,50000
Blastoise,69.2,9,water,none,64.9,80.1,73,379387,7.5,496,Bite,Flash Cannon,Hydro Cannon,35,20,3,10000
Blastoise (Shadow),69.2,9,water,none,64.9,80.1,73,379387,7.5,496,Bite,Flash Cannon,Hydro Cannon,35,20,3,10000
Regidrago,69.2,895,dragon,none,69.1,37.9,137,358847,6.5,499,Bite,Breaking Swipe,Dragon Energy,18,23,20,100000
Snorlax,69.2,143,normal,none,62.6,57.8,110,398058,6,500,Lick,Body Slam,Earthquake,12,22,5,75000
Snorlax (Shadow),69.2,143,normal,none,62.6,57.8,110,398058,6,500,Lick,Body Slam,Earthquake,12,22,5,75000
Butterfree,69.1,12,bug,flying,74,61.9,73,334567,10.5,498,Bug Bite,Bug Buzz,Psychic,20,19,1,10000
Ferroseed,69.1,597,grass,steel,52.6,102.8,86,465621,21,496,Tackle,Iron Head,Flash Cannon,17,24,3,75000
Nidorino,69.1,33,poison,none,69.2,61.4,83,352464,13.5,495,Poison Jab,Dig,Horn Attack,8,5,3,50000
Chimchar (Shadow),69,390,fire,none,70.5,59.1,84,350209,20,497,Ember,Flame Charge,Flamethrower,8,8,3,10000
Dusknoir (Shadow),69,477,ghost,none,69.8,100.6,51,357953,8,499,Astonish,Dark Pulse,Dynamic Punch,5,5,3,50000
Aggron,68.8,306,steel,rock,67.8,88.6,61,366039,6.5,500,Dragon Tail,Heavy Slam,Meteor Beam,6,7,1,10000
Heracross,68.8,214,bug,fighting,79,61.3,65,314868,6,499,Counter,Close Combat,Earthquake,8,11,3,50000
Latios,68.8,381,dragon,psychic,80.4,65,59,308407,5,498,Dragon Breath,Dragon Claw,Luster Purge,12,20,20,100000
Obstagoon,68.8,862,dark,normal,66.7,71.9,78,374262,7,500,Counter,Cross Chop,Gunk Shot,6,13,3,10000
Slowpoke (Galarian),68.8,79,psychic,none,60.9,57.7,117,411314,16,500,Confusion,Psychic,Psyshock,5,4,3,50000
Charmander (Shadow),68.7,4,fire,none,72.3,62.1,77,345812,20,500,Ember,Flame Charge,Flamethrower,8,8,3,10000
Diggersby,68.7,660,normal,ground,55.9,78,102,444733,13,498,Mud Shot,Dig,Earthquake,7,9,1,10000
Mankey,68.7,56,fighting,none,83,51,71,300673,16.5,499,Karate Chop,Brick Break,Cross Chop,5,4,3,50000
Shieldon,68.7,410,rock,steel,50.7,133.1,72,485668,22.5,499,Iron Tail,Ancient Power,Heavy Slam,7,8,5,75000
Drilbur,68.5,529,ground,none,79.5,50,79,313847,14,500,Mud Slap,Dig,Drill Run,5,5,3,50000
Larvitar (Shadow),68.5,246,rock,ground,69.5,60.9,85,359911,18.5,500,Bite,Ancient Power,Crunch,23,23,5,75000
Skarmory (Shadow),68.5,227,steel,flying,60.7,95.5,70,405994,9,499,Air Slash,Brave Bird,Flash Cannon,7,8,5,75000
Durant,68.4,632,bug,steel,78.9,69.8,57,314191,7,500,Bug Bite,Iron Head,Stone Edge,17,19,3,50000
Lampent,68.4,608,ghost,fire,77.1,56.3,74,321072,11,499,Astonish,Energy Ball,Flame Burst,6,6,5,75000
Nidoqueen,68.4,31,poison,ground,68.5,66.7,80,365497,7.5,500,Bite,Earthquake,Earth Power,33,28,3,50000
Pidgeotto (Shadow),68.4,17,normal,flying,65.7,62,93,378883,16,500,Steel Wing,Aerial Ace,Air Cutter,7,6,1,10000
Bastiodon,68.3,411,rock,steel,47.2,139.3,80,526519,12.5,499,Iron Tail,Flamethrower,Flash Cannon,8,10,5,75000
Hypno (Shadow),68.3,97,psychic,none,59.1,82.3,85,413740,9,494,Confusion,Fire Punch,Focus Blast,4,7,3,50000
Patrat,68.3,504,normal,none,68.8,56.9,93,363669,24.5,500,Bite,Dig,Grass Knot,25,25,1,10000
Slowbro (Galarian),68.3,80,poison,psychic,69.2,62,83,356141,7.5,496,Confusion,Brutal Swing,Focus Blast,3,7,3,50000
Crobat,68.1,169,poison,flying,71.6,66,74,349645,7,500,Air Slash,Air Cutter,Cross Poison,4,4,1,10000
Crobat (Shadow),68.1,169,poison,flying,71.6,66,74,349645,7,500,Air Slash,Air Cutter,Cross Poison,4,4,1,10000
Drowzee,68.1,96,psychic,none,54.9,85.5,97,455157,19.5,500,Confusion,Psybeam,Psychic,5,5,3,50000
Emboar,68.1,500,fire,fighting,80.5,44.6,86,308890,6.5,499,Ember,Blast Burn,Flame Charge,8,8,3,10000
Meowth,68.1,52,normal,none,66.6,61.1,92,374490,27,500,Bite,Body Slam,Dark Pulse,18,25,3,50000
Seadra (Shadow),68.1,117,water,none,76.7,67.9,62,323089,9,499,Dragon Breath,Aurora Beam,Blizzard,20,25,3,50000
Uxie,68.1,480,psychic,none,58,102.6,71,422357,7.5,495,Confusion,Future Sight,Swift,6,3,20,100000
Lapras,68,131,water,ice,61.1,65.7,101,405226,7,499,Frost Breath,Blizzard,Dragon Pulse,15,12,5,75000
Lapras (Shadow),68,131,water,ice,61.1,65.7,101,405226,7,499,Frost Breath,Blizzard,Dragon Pulse,15,12,5,75000
Liepard,68,510,dark,none,81.1,51.1,73,302735,10,498,Charm,Dark Pulse,Gunk Shot,9,13,1,10000
Pupitar (Shadow),68,247,rock,ground,70.5,61.1,82,353271,11,500,Bite,Ancient Power,Crunch,23,23,5,75000
Staravia,68,397,normal,flying,74.3,55.4,80,329455,14.5,497,Quick Attack,Aerial Ace,Brave Bird,5,7,1,10000
Swanna (Shadow),68,581,water,flying,74.3,57.9,77,331552,9,496,Air Slash,Bubble Beam,Fly,5,5,3,50000
Gothita (Shadow),67.7,574,psychic,none,62.4,77.7,82,398056,21,500,Confusion,Frustration,Psybeam,6,5,3,50000
Ninetales (Shadow),67.7,38,fire,none,67.1,75.6,73,369959,8.5,498,Ember,Fire Blast,Flamethrower,12,8,3,50000
Chimchar,67.6,390,fire,none,70.5,59.1,84,350209,20,497,Ember,Flame Charge,Flamethrower,8,8,3,10000
Machamp,67.6,68,fighting,none,80,55.5,70,310878,6,499,Bullet Punch,Close Combat,Cross Chop,7,5,3,50000
Rillaboom,67.6,812,grass,none,77.1,56,73,315341,5.5,494,Razor Leaf,Earth Power,Energy Ball,14,14,3,10000
Watchog (Shadow),67.6,505,normal,none,73.2,63.2,73,337591,10.5,497,Bite,Crunch,Frustration,23,35,1,10000
Charmander,67.4,4,fire,none,72.3,62.1,77,345812,20,500,Ember,Flame Charge,Flamethrower,8,8,3,10000
Bagon (Shadow),67.3,371,dragon,none,75.9,57.7,75,328422,16,500,Bite,Crunch,Flamethrower,23,28,5,75000
Croconaw (Shadow),67.3,159,water,none,68.2,67.8,78,360849,11,497,Scratch,Crunch,Frustration,23,35,3,10000
Hippopotas,67.3,449,ground,none,64.5,66,90,382913,14,499,Bite,Body Slam,Dig,18,25,3,50000
Swinub (Shadow),67.3,220,ice,ground,65.3,57.1,102,380348,26.5,499,Powder Snow,Body Slam,Frustration,5,9,3,50000
Croagunk,67.2,453,poison,fighting,72.9,53.2,88,341007,20,499,Mud Shot,Brick Break,Low Sweep,5,5,3,50000
Hoppip (Shadow),67.2,187,grass,flying,55.3,83.3,97,447109,38,498,Bullet Seed,Grass Knot,Seed Bomb,4,4,3,50000
Monferno,67.2,391,fire,fighting,75.9,54.1,80,328778,12,499,Ember,Flamethrower,Flame Wheel,8,8,3,10000
Purrloin (Shadow),67.2,509,dark,none,69.5,57.4,90,359121,25,499,Scratch,Dark Pulse,Frustration,25,35,1,10000
Cresselia,67,488,psychic,none,55,90.6,91,453411,6.5,500,Confusion,Aurora Beam,Future Sight,5,6,20,100000
Gothitelle (Shadow),67,576,psychic,none,67.5,78.8,69,367239,8,498,Charm,Frustration,Future Sight,12,11,3,50000
Loudred,67,294,normal,none,70.2,47.3,106,352042,14.5,497,Bite,Disarming Voice,Flamethrower,23,28,1,10000
Torchic (Shadow),67,255,fire,none,74.9,56.2,78,328254,17,498,Ember,Rock Tomb,Flame Charge,8,8,3,10000
Bidoof,66.9,399,normal,none,59.9,58.5,119,416894,28.5,499,Tackle,Crunch,Grass Knot,15,17,1,10000
Mudkip,66.9,258,water,none,71.1,59.5,82,346580,17,496,Water Gun,Sludge,Dig,14,17,3,10000
Raboot,66.9,814,fire,none,75.3,57.6,76,329642,10.5,498,Fire Spin,Flamethrower,Flame Charge,6,5,3,10000
Raticate (Shadow),66.9,20,normal,none,73.1,66,70,337899,11,498,Bite,Dig,Frustration,25,35,1,10000
Swampert,66.9,260,water,ground,71.4,63.4,77,348799,6.5,500,Mud Shot,Earthquake,Hydro Cannon,9,5,3,10000
Swampert,66.9,260,water,ground,71.4,63.4,77,348799,6.5,500,Mud Shot,Earthquake,Hydro Cannon,9,5,3,10000
Donphan,66.8,232,ground,none,73.1,64.4,72,339104,6.5,499,Charm,Body Slam,Earthquake,6,11,3,50000
Articuno,66.6,144,ice,flying,66.1,81.2,70,375511,6.5,500,Frost Breath,Ancient Power,Blizzard,9,15,20,100000
Misdreavus,66.6,200,ghost,none,72.2,71,67,343585,10,498,Astonish,Dark Pulse,Ominous Wind,5,5,3,50000
Charmeleon (Shadow),66.5,5,fire,none,74.3,63.9,71,337002,11.5,500,Ember,Fire Punch,Flamethrower,6,8,3,10000
Darumaka (Galarian),66.5,554,ice,none,75.6,48.2,89,324202,13,496,Ice Fang,Ice Beam,Ice Punch,10,7,3,50000
Growlithe (Hisuian),66.5,58,fire,rock,74.8,52.9,84,332320,14.5,499,Ember,Rock Slide,Crunch,7,7,3,50000
Heatmor,66.5,631,fire,none,78.4,53.3,76,317582,8,499,Fire Spin,Flamethrower,Power-Up Punch,6,4,3,50000
Poliwag,66.5,60,water,none,68.5,62.1,85,362093,23,500,Mud Shot,Mud Bomb,Body Slam,5,5,3,50000
Amoonguss (Shadow),66.3,591,grass,poison,63.5,59.1,104,390726,9,499,Astonish,Foul Play,Frustration,4,7,3,50000
Darmanitan (Standard),66.3,555,fire,none,86.4,41.4,79,282629,6,496,Fire Fang,Focus Blast,Overheat,13,10,3,50000
Feraligatr,66.3,160,water,none,72.1,68.1,70,343776,6.5,498,Bite,Crunch,Hydro Cannon,23,20,3,10000
Hitmonchan,66.3,107,fighting,none,75,78.8,56,331166,8,499,Bullet Punch,Brick Break,Close Combat,6,7,5,75000
Houndour (Shadow),66.3,228,dark,fire,82.6,50,73,301178,15.5,499,Ember,Crunch,Flamethrower,7,8,3,50000
Marshtomp,66.3,259,water,ground,69.7,63.6,80,354864,10.5,500,Mud Shot,Mud Bomb,Sludge,5,5,3,10000
Piplup (Shadow),66.3,393,water,none,66.7,63.2,89,374908,18.5,500,Bubble,Drill Peck,Icy Wind,4,5,3,10000
Swanna,66.3,581,water,flying,74.3,57.9,77,331552,9,496,Air Slash,Bubble Beam,Fly,5,5,3,50000
Dusknoir,66.2,477,ghost,none,69.8,100.6,51,357953,8,499,Astonish,Dark Pulse,Dynamic Punch,5,5,3,50000
Dusknoir (Shadow),66.2,477,ghost,none,69.8,100.6,51,357953,8,499,Astonish,Dark Pulse,Dynamic Punch,5,5,3,50000
Poliwrath (Shadow),66.2,62,water,fighting,67.8,69.6,78,367919,7.5,500,Bubble,Dynamic Punch,Hydro Pump,5,7,3,50000
Poliwrath,66.2,62,water,fighting,67.8,69.6,78,367919,7.5,500,Bubble,Dynamic Punch,Hydro Pump,5,7,3,50000
Glalie (Shadow),66.1,362,ice,none,67.1,68.3,81,371510,9,500,Frost Breath,Avalanche,Frustration,9,14,3,50000
Salamence,66.1,373,dragon,flying,84.2,52.2,67,294638,5,498,Bite,Draco Meteor,Fire Blast,33,40,5,75000
Samurott,66.1,503,water,none,75.1,57.7,76,329483,6.5,500,Fury Cutter,Blizzard,Hydro Cannon,19,10,3,10000
Starly (Shadow),66.1,396,normal,flying,72.9,50.2,92,336663,26.5,497,Quick Attack,Aerial Ace,Brave Bird,5,7,1,10000
Golurk,65.9,623,ground,ghost,77.8,56,73,318251,6.5,500,Astonish,Dynamic Punch,Earth Power,5,6,5,75000
Gothorita (Shadow),65.9,575,psychic,none,65.3,75.4,77,379037,12,498,Confusion,Frustration,Future Sight,6,6,3,50000
Grotle (Shadow),65.9,388,grass,none,68.4,65.5,81,363066,10,500,Bite,Body Slam,Energy Ball,18,28,3,10000
Quilava (Shadow),65.9,156,fire,none,74.3,63.9,71,337002,11.5,500,Ember,Dig,Flamethrower,8,8,3,10000
Walrein,65.9,365,ice,water,65,66.7,88,381249,7,499,Frost Breath,Blizzard,Earthquake,15,13,3,50000
Arcanine,65.8,59,fire,none,77.4,58.1,71,319302,6,498,Bite,Bulldoze,Crunch,23,23,3,50000
Arcanine (Shadow),65.8,59,fire,none,77.4,58.1,71,319302,6,498,Bite,Bulldoze,Crunch,23,23,3,50000
Larvitar,65.8,246,rock,ground,69.5,60.9,85,359911,18.5,500,Bite,Ancient Power,Crunch,23,23,5,75000
Taillow (Shadow),65.8,276,normal,flying,74.9,49.9,89,332670,25.5,499,Peck,Aerial Ace,Frustration,8,14,1,10000
Torchic,65.8,255,fire,none,74.9,56.2,78,328254,17,498,Ember,Rock Tomb,Flame Charge,8,8,3,10000
Charmeleon,65.7,5,fire,none,74.3,63.9,71,337002,11.5,500,Ember,Fire Punch,Flamethrower,6,8,3,10000
Hypno,65.7,97,psychic,none,59.1,82.3,85,413740,9,494,Confusion,Fire Punch,Focus Blast,4,7,3,50000
Linoone (Galarian),65.7,264,dark,normal,66.1,62.1,91,373617,11.5,497,Lick,Body Slam,Dig,12,17,1,10000
Scorbunny,65.7,813,fire,none,77.1,50.7,83,324317,17,500,Fire Spin,Flame Charge,Flamethrower,5,6,3,10000
Skarmory,65.7,227,steel,flying,60.7,95.5,70,405994,9,499,Air Slash,Brave Bird,Flash Cannon,7,8,5,75000
Snivy (Shadow),65.7,495,grass,none,60.2,75.8,91,415239,23.5,500,Vine Whip,Seed Bomb,Wrap,6,6,3,10000
Gible,65.5,443,dragon,ground,70.5,54,91,346301,17,495,Mud Shot,Body Slam,Dig,5,7,5,75000
Tentacruel,65.5,73,water,poison,63.8,80.3,76,389300,8,498,Acid,Acid Spray,Blizzard,6,10,3,50000
Tranquill (Shadow),65.5,520,normal,flying,71.8,58.3,82,343014,13,497,Air Slash,Aerial Ace,Frustration,5,8,1,10000
Aerodactyl,65.4,142,rock,flying,79.3,57.6,69,315166,7,500,Bite,Ancient Power,Earth Power,23,28,5,75000
Amaura (Shadow),65.4,698,rock,ice,64.5,62,96,383687,14,499,Frost Breath,Ancient Power,Aurora Beam,9,12,5,75000
Metagross,65.4,376,steel,psychic,78.1,70.5,58,319397,5,499,Bullet Punch,Earthquake,Flash Cannon,10,10,5,75000
Pupitar,65.4,247,rock,ground,70.5,61.1,82,353271,11,500,Bite,Ancient Power,Crunch,23,23,5,75000
Simisear,65.4,514,fire,none,78.8,54.4,73,312981,8,498,Bite,Crunch,Fire Blast,23,40,3,50000
Slowbro,65.4,80,water,psychic,66,68.9,83,377066,7.5,498,Confusion,Ice Beam,Psychic,5,5,3,50000
Torkoal,65.4,324,fire,none,62.3,85.9,74,396255,9,498,Ember,Earthquake,Overheat,10,8,3,50000
Torracat,65.4,726,fire,none,79.3,50.5,78,312515,11,499,Bite,Crunch,Flamethrower,23,28,3,10000
Tyrantrum,65.4,697,rock,dragon,76.1,66.1,65,327172,6,499,Charm,Crunch,Earthquake,8,11,5,75000
Bidoof (Shadow),65.2,399,normal,none,59.9,58.5,119,416894,28.5,499,Tackle,Crunch,Frustration,15,24,1,10000
Exeggcute (Shadow),65.2,102,grass,psychic,61.1,76,88,408941,17,500,Confusion,Seed Bomb,Ancient Power,4,4,3,50000
Houndour,65.1,228,dark,fire,82.6,50,73,301178,15.5,499,Ember,Crunch,Flamethrower,7,8,3,50000
Incineroar,65.1,727,fire,dark,73.1,61.1,76,339300,6.5,500,Double Kick,Blast Burn,Blaze Kick,5,4,3,10000
Regice,65.1,378,ice,none,61.3,102.1,65,407025,6,500,Frost Breath,Blizzard,Earthquake,15,13,20,100000
Ekans,65,23,poison,none,70.5,66.9,75,353746,20,500,Acid,Gunk Shot,Poison Fang,10,5,3,50000
Hariyama,65,297,fighting,none,73.1,43.3,106,335425,6.5,495,Bullet Punch,Close Combat,Dynamic Punch,7,7,3,50000
Simipour,65,516,water,none,78.8,54.4,73,312981,8,498,Bite,Crunch,Hydro Pump,23,38,3,50000
Slowking,65,199,water,psychic,66,68.9,83,377066,7.5,498,Confusion,Blizzard,Fire Blast,7,7,3,50000
Sobble,65,816,water,none,77.1,50.7,83,324317,17,500,Water Gun,Surf,Water Pulse,15,19,3,10000
Hitmonchan (Shadow),64.8,107,fighting,none,75,78.8,56,331166,8,499,Bullet Punch,Brick Break,Close Combat,6,7,5,75000
Infernape,64.8,392,fire,fighting,80.3,56.2,69,311589,7,500,Fire Spin,Blast Burn,Close Combat,5,5,3,10000
Lairon (Shadow),64.8,305,steel,rock,65.5,85.1,67,373661,9,495,Iron Tail,Body Slam,Frustration,5,10,1,10000
Watchog,64.8,505,normal,none,73.2,63.2,73,337591,10.5,497,Bite,Crunch,Grass Knot,23,25,1,10000
Litten,64.7,725,fire,none,76.9,54.2,78,324649,19,499,Ember,Crunch,Flame Charge,7,8,3,10000
Ninetales,64.7,38,fire,none,67.1,75.6,73,369959,8.5,498,Ember,Fire Blast,Flamethrower,12,8,3,50000
Shuppet (Shadow),64.7,353,ghost,none,82.7,45.3,80,300139,18,499,Astonish,Frustration,Night Shade,7,5,3,50000
Braixen,64.6,654,fire,none,75.8,61.5,70,326026,10.5,497,Ember,Flamethrower,Flame Charge,8,8,3,10000
Ferroseed (Shadow),64.6,597,grass,steel,52.6,102.8,86,465621,21,496,Tackle,Iron Head,Flash Cannon,17,24,3,75000
Gothita,64.6,574,psychic,none,62.4,77.7,82,398056,21,500,Confusion,Psybeam,Psychic,5,5,3,50000
Seadra,64.6,117,water,none,76.7,67.9,62,323089,9,499,Dragon Breath,Aurora Beam,Blizzard,20,25,3,50000
Hippowdon,64.4,450,ground,none,68.7,65.8,80,361830,6,500,Bite,Body Slam,Earthquake,18,33,3,50000
Poliwhirl (Shadow),64.4,61,water,none,66.3,67.2,84,374319,13.5,499,Bubble,Bubble Beam,Frustration,4,7,3,50000
Bagon,64.3,371,dragon,none,75.9,57.7,75,328422,16,500,Bite,Crunch,Flamethrower,23,28,5,75000
Luxio (Shadow),64.3,404,electric,none,77.9,51.5,79,316986,12.5,498,Bite,Crunch,Frustration,23,35,5,75000
Moltres,64.3,146,fire,flying,79,59.4,67,314125,5.5,500,Fire Spin,Ancient Power,Fire Blast,5,8,20,100000
Mr. Mime,64.3,122,psychic,fairy,76.4,83.3,51,324508,8.5,498,Confusion,Psybeam,Psychic,5,5,5,75000
Scolipede,64.3,545,bug,poison,77.9,68.5,60,320307,7.5,500,Bug Bite,Gyro Ball,Megahorn,20,19,1,10000
Camerupt (Shadow),64.1,323,fire,ground,77.5,58.1,71,319985,8.5,500,Ember,Earthquake,Earth Power,10,8,3,50000
Raticate,64.1,20,normal,none,73.1,66,70,337899,11,498,Bite,Dig,Hyper Beam,25,40,1,10000
Glalie,63.9,362,ice,none,67.1,68.3,81,371510,9,500,Frost Breath,Avalanche,Gyro Ball,9,12,3,50000
Amaura,63.7,698,rock,ice,64.5,62,96,383687,14,499,Frost Breath,Ancient Power,Aurora Beam,9,12,5,75000
Croagunk (Shadow),63.7,453,poison,fighting,72.9,53.2,88,341007,20,499,Mud Shot,Brick Break,Frustration,5,9,3,50000
Exeggcute,63.7,102,grass,psychic,61.1,76,88,408941,17,500,Confusion,Seed Bomb,Ancient Power,4,4,3,50000
Gothitelle,63.7,576,psychic,none,67.5,78.8,69,367239,8,498,Charm,Future Sight,Psychic,11,10,3,50000
Graveler,63.7,75,rock,ground,70.1,74.8,67,351406,10,497,Mud Shot,Dig,Rock Blast,7,5,1,10000
Tranquill,63.7,520,normal,flying,71.8,58.3,82,343014,13,497,Air Slash,Aerial Ace,Heat Wave,5,9,1,10000
Typhlosion (Hisuian),63.7,157,fire,ghost,81.2,60.7,62,305582,6.5,499,Ember,Fire Punch,Night Shade,6,7,3,10000
Boldore,63.6,525,rock,none,72.4,62.1,76,341504,9.5,500,Mud Slap,Bulldoze,Rock Slide,5,5,3,50000
Heatran,63.6,485,fire,steel,76,65.6,65,324240,5,496,Bug Bite,Earth Power,Fire Blast,19,27,20,100000
Rowlet,63.6,722,grass,flying,61.8,62.9,104,404178,18,500,Leafage,Seed Bomb,Energy Ball,7,8,3,10000
Sneasel (Hisuian),63.6,215,fighting,poison,79.1,62.3,64,315609,9,500,Poison Jab,Aerial Ace,Close Combat,6,7,3,50000
Charizard,63.4,6,fire,flying,76.5,62.7,67,321436,6.5,496,Air Slash,Blast Burn,Dragon Claw,6,4,3,10000
Charizard (Shadow),63.4,6,fire,flying,76.5,62.7,67,321436,6.5,496,Air Slash,Blast Burn,Dragon Claw,6,4,3,10000
Gothorita,63.4,575,psychic,none,65.3,75.4,77,379037,12,498,Confusion,Future Sight,Psybeam,6,5,3,50000
Magmar (Shadow),63.4,126,fire,none,78.8,60.4,66,314193,8,500,Ember,Fire Blast,Fire Punch,12,6,5,75000
Gallade,63.3,475,psychic,fighting,79,66.8,59,311242,6,496,Charm,Close Combat,Leaf Blade,8,6,5,75000
Gallade (Shadow),63.3,475,psychic,fighting,79,66.8,59,311242,6,496,Charm,Close Combat,Leaf Blade,8,6,5,75000
Prinplup (Shadow),63.3,394,water,none,69.1,67.4,77,358490,11,500,Bubble,Bubble Beam,Frustration,4,7,3,10000
Boldore (Shadow),63.2,525,rock,none,73.5,63.1,73,338827,9,499,Mud Slap,Bulldoze,Frustration,5,7,3,50000
Lairon,63.2,305,steel,rock,65.5,85.1,67,373661,9,495,Iron Tail,Body Slam,Heavy Slam,5,8,1,10000
Latias,63.2,380,dragon,psychic,71.3,78.7,62,347765,5.5,499,Charm,Mist Ball,Outrage,10,10,20,100000
Linoone (Galarian) (Shadow),63.2,264,dark,normal,66.1,62.1,91,373617,11.5,497,Lick,Body Slam,Dig,12,17,1,10000
Purrloin,63.2,509,dark,none,69.5,57.4,90,359121,25,499,Scratch,Dark Pulse,Night Slash,25,18,1,10000
Rattata,63.2,19,normal,none,74.3,58.5,77,334282,26.5,498,Quick Attack,Body Slam,Dig,5,7,1,10000
Taillow,63.2,276,normal,flying,73.5,51.3,89,335505,25.5,496,Peck,Aerial Ace,Return,8,14,1,10000
Tentacruel (Shadow),63.2,73,water,poison,63.8,80.3,76,389300,8,498,Acid,Acid Spray,Blizzard,6,10,3,50000
Victreebel,63.2,71,grass,poison,79,53.6,74,313664,7.5,498,Acid,Acid Spray,Leaf Blade,6,5,3,50000
Aurorus,63,699,rock,ice,66.4,58.7,96,373692,7,499,Frost Breath,Ancient Power,Blizzard,9,15,5,75000
Cradily,63,346,rock,grass,61.6,81,81,404370,8.5,499,Acid,Bulldoze,Grass Knot,6,7,3,50000
Croconaw,62.8,159,water,none,68.2,67.8,78,360849,11,497,Scratch,Crunch,Ice Punch,23,20,3,10000
Girafarig (Shadow),62.8,203,normal,psychic,76.5,59.2,72,326062,9.5,500,Confusion,Frustration,Mirror Coat,6,5,3,50000
Grotle,62.8,388,grass,none,68.4,65.5,81,363066,10,500,Bite,Body Slam,Energy Ball,18,28,3,10000
Magmar,62.8,126,fire,none,78.8,60.4,66,314193,8,500,Ember,Fire Blast,Fire Punch,12,6,5,75000
Quilava,62.8,156,fire,none,74.3,63.9,71,337002,11.5,500,Ember,Dig,Flamethrower,8,8,3,10000
Sudowoodo (Shadow),62.8,185,rock,none,68.2,74,72,363604,8.5,498,Counter,Earthquake,Frustration,11,12,5,75000
Cinderace,62.6,815,fire,none,81.2,57,66,305528,6.5,499,Fire Spin,Flamethrower,Flame Charge,6,5,3,10000
Cloyster,62.6,91,water,ice,69.6,95.7,54,359595,7.5,500,Frost Breath,Aurora Beam,Avalanche,12,9,3,50000
Luxio,62.6,404,electric,none,78.5,52,78,318590,13,500,Bite,Crunch,Thunderbolt,23,28,5,75000
Aipom,62.5,190,normal,none,70.5,62,80,349482,14,497,Astonish,Aerial Ace,Low Sweep,4,4,3,50000
Mamoswine,62.5,473,ice,ground,80.2,49,78,306282,5.5,495,Mud Slap,Ancient Power,Avalanche,5,5,3,50000
Shuppet,62.3,353,ghost,none,82.7,45.3,80,300139,18,499,Astonish,Night Shade,Ominous Wind,5,5,3,50000
Decidueye,62.2,724,grass,ghost,75.1,66,67,332013,7,499,Astonish,Brave Bird,Energy Ball,6,6,3,10000
Shellder,62.2,90,water,none,68.2,83.3,64,363318,17.5,498,Ice Shard,Icy Wind,Razor Shell,5,4,3,50000
Sneasel (Hisuian) (Shadow),62.2,215,fighting,poison,79.1,62.3,64,315609,9,500,Poison Jab,Aerial Ace,Close Combat,6,7,3,50000
Typhlosion,62.2,157,fire,none,76.5,62.7,67,321436,6.5,496,Ember,Blast Burn,Fire Blast,8,12,3,10000
Golduck,62.1,55,water,none,73.6,64.2,72,339873,7.5,500,Confusion,Bubble Beam,Cross Chop,4,3,3,50000
Golduck (Shadow),62.1,55,water,none,73.6,64.2,72,339873,7.5,500,Confusion,Bubble Beam,Cross Chop,4,3,3,50000
Arbok,61.9,24,poison,none,72.2,68.9,69,343310,10,499,Acid,Acid Spray,Dark Pulse,6,7,3,50000
Mankey (Shadow),61.9,56,fighting,none,83,51,71,300673,16.5,499,Karate Chop,Brick Break,Cross Chop,5,4,3,50000
Pinsir,61.9,127,bug,none,81.5,65.7,57,305478,6.5,499,Bug Bite,Close Combat,Submission,15,17,5,75000
Sudowoodo,61.9,185,rock,none,68.2,74,72,363604,8.5,498,Counter,Earthquake,Meteor Beam,11,10,5,75000
Torterra,61.9,389,grass,ground,69.4,67.8,76,357584,6.5,498,Bite,Earthquake,Frenzy Plant,33,23,3,10000
Torterra (Shadow),61.9,389,grass,ground,69.4,67.8,76,357584,6.5,498,Bite,Earthquake,Frenzy Plant,33,23,3,10000
Armaldo,61.8,348,rock,bug,77.5,63.1,65,317633,6.5,498,Fury Cutter,Cross Poison,Liquidation,9,12,3,50000
Articuno (Galarian),61.8,144,psychic,flying,77.7,62.1,66,318771,5.5,498,Confusion,Ancient Power,Brave Bird,4,5,20,100000
Darmanitan (Galarian),61.8,555,ice,none,86.4,41.4,79,282629,6,496,Ice Fang,Avalanche,Ice Punch,8,7,3,50000
Empoleon,61.8,395,water,steel,72.5,66.4,71,341680,6.5,497,Metal Claw,Blizzard,Drill Peck,11,6,3,10000
Seedot (Shadow),61.8,273,grass,none,58.6,69.6,104,424292,38.5,500,Bullet Seed,Foul Play,Grass Knot,4,4,3,50000
Solrock,61.8,338,rock,psychic,69.4,62.7,82,356706,8,499,Confusion,Psychic,Rock Slide,5,4,3,50000
Haunter (Shadow),61.7,93,ghost,poison,93.8,50.2,56,263375,9.5,498,Astonish,Dark Pulse,Frustration,5,7,3,50000
Makuhita (Shadow),61.7,296,fighting,none,68.1,44.5,121,366489,24,500,Rock Smash,Cross Chop,Frustration,5,10,3,50000
Poliwag (Shadow),61.7,60,water,none,68.5,62.1,85,362093,23,500,Mud Shot,Body Slam,Mud Bomb,5,5,3,50000
Avalugg (Hisuian),61.5,713,ice,rock,67.3,77.4,70,364961,5.5,498,Bite,Blizzard,Crunch,38,23,3,50000
Haunter,61.5,93,ghost,poison,93.8,50.2,56,263375,9.5,498,Astonish,Dark Pulse,Ice Punch,5,4,3,50000
Lileep (Shadow),61.5,345,rock,grass,56.9,84.3,91,436782,15,500,Acid,Ancient Power,Grass Knot,6,7,3,50000
Chandelure,61.4,609,ghost,fire,88.3,62.3,51,280512,6,499,Fire Spin,Energy Ball,Flame Charge,6,5,5,75000
Glameow,61.4,431,normal,none,69.2,58.8,88,357732,21,497,Quick Attack,Aerial Ace,Play Rough,5,8,3,50000
Lunatone,61.4,337,rock,psychic,69.4,62.7,82,356706,8,499,Confusion,Moonblast,Psychic,5,5,3,50000
Camerupt,61.2,323,fire,ground,77.5,58.1,71,319985,8.5,500,Ember,Earthquake,Earth Power,10,8,3,50000
Gible (Shadow),61.2,443,dragon,ground,70.5,54,91,346301,17,495,Mud Shot,Body Slam,Dig,5,7,5,75000
Karrablast,61.2,588,bug,none,76.4,54,79,325794,16,499,Fury Cutter,Aerial Ace,Drill Run,10,12,3,50000
Magmortar,61.1,467,fire,none,82.8,59.7,61,301793,6,500,Fire Spin,Brick Break,Fire Blast,4,8,5,75000
Magmortar (Shadow),61.1,467,fire,none,82.8,59.7,61,301793,6,500,Fire Spin,Brick Break,Fire Blast,4,8,5,75000
Whismur (Shadow),61.1,293,normal,none,69.8,41,124,354820,29,498,Astonish,Disarming Voice,Flamethrower,5,6,1,10000
Diggersby (Shadow),61,660,normal,ground,55.9,78,102,444733,13,498,Mud Shot,Dig,Earthquake,7,9,1,10000
Gigalith,60.8,526,rock,none,74.2,66.5,68,335226,6,500,Mud Slap,Heavy Slam,Meteor Beam,5,6,3,50000
Staravia (Shadow),60.8,397,normal,flying,74.3,55.4,80,329455,14.5,497,Quick Attack,Aerial Ace,Brave Bird,5,7,1,10000
Bayleef (Shadow),60.7,153,grass,none,60.7,81.9,81,402560,13,496,Magical Leaf,Ancient Power,Energy Ball,5,6,3,10000
Exploud (Shadow),60.7,295,normal,none,69,56.3,92,357524,8,498,Astonish,Boomburst,Crunch,7,5,1,10000
Girafarig,60.7,203,normal,psychic,76.5,59.2,72,326062,9.5,500,Confusion,Mirror Coat,Psychic,5,5,3,50000
Honchkrow,60.7,430,dark,flying,87,41.2,80,286650,7,500,Peck,Brave Bird,Dark Pulse,11,10,3,50000
Pachirisu,60.7,417,electric,none,53.4,98.3,89,467591,16,500,Spark,Thunder,Thunderbolt,9,8,5,75000
Bayleef,60.4,153,grass,none,60.7,81.9,81,402560,13,496,Magical Leaf,Ancient Power,Energy Ball,5,6,3,10000
Farfetch'd (Galarian),60.4,83,fighting,none,80.6,57.2,67,308855,11,500,Fury Cutter,Brave Bird,Brick Break,14,10,3,50000
Gastly (Shadow),60.3,92,ghost,poison,99.9,42.1,59,248069,15.5,499,Astonish,Dark Pulse,Frustration,5,7,3,50000
Meganium,60.3,154,grass,none,64.9,78.8,75,383650,8,499,Magical Leaf,Earthquake,Frenzy Plant,7,5,3,10000
Aipom (Shadow),60.1,190,normal,none,70.5,62,80,349482,14,497,Astonish,Aerial Ace,Frustration,4,7,3,50000
Chatot,60.1,441,normal,flying,81.4,44.6,84,304861,10.5,499,Peck,Heat Wave,Night Shade,15,9,5,75000
Nidorino (Shadow),60.1,33,poison,none,69.2,61.4,83,352464,13.5,495,Poison Jab,Dig,Frustration,8,10,3,50000
Snorunt (Shadow),60.1,361,ice,none,62.7,66.5,95,396502,22.5,500,Hex,Avalanche,Frustration,4,6,3,50000
Makuhita,60,296,fighting,none,68.1,44.5,121,366489,24,500,Rock Smash,Cross Chop,Heavy Slam,5,8,3,50000
Carnivine,59.9,455,grass,none,76,58.1,74,326836,8.5,500,Bite,Crunch,Energy Ball,23,28,5,75000
Magnemite,59.9,81,electric,steel,85,65,53,292659,14,500,Metal Sound,Discharge,Magnet Bomb,5,6,3,50000
Ferrothorn,59.7,598,grass,steel,62.3,88.6,72,397156,8,497,Bullet Seed,Acid Spray,Flash Cannon,4,6,3,75000
Meganium (Shadow),59.7,154,grass,none,64.9,78.8,75,383650,8,499,Magical Leaf,Earthquake,Frenzy Plant,7,5,3,10000
Whismur,59.6,293,normal,none,69.8,41,124,354820,29,498,Astonish,Disarming Voice,Flamethrower,5,6,1,10000
Greninja,59.5,658,water,dark,81,58.3,65,307113,7,499,Bubble,Aerial Ace,Hydro Cannon,4,4,3,10000
Galvantula,59.3,596,bug,electric,79.5,54.3,72,310431,8.5,498,Fury Cutter,Bug Buzz,Cross Poison,15,9,3,50000
Gastly,59.3,92,ghost,poison,99.9,42.1,59,248069,15.5,499,Astonish,Dark Pulse,Night Shade,5,5,3,50000
Exploud,59,295,normal,none,69,56.3,92,357524,8,498,Astonish,Boomburst,Crunch,7,5,1,10000
Mesprit,58.9,481,psychic,none,72.5,72.5,65,341243,6.5,497,Confusion,Blizzard,Future Sight,7,6,20,100000
Sandslash (Alolan),58.9,28,ice,steel,67.9,74.7,72,365151,8,500,Metal Claw,Aerial Ace,Blizzard,6,11,3,50000
Corphish,58.8,341,water,none,77.5,58.8,71,323354,16,500,Bubble,Aqua Jet,Razor Shell,4,4,3,50000
Rampardos,58.8,409,rock,none,96,37.2,72,257459,6,500,Smack Down,Flamethrower,Outrage,7,8,5,75000
Simisage,58.8,512,grass,none,78.8,54.4,73,312981,8,498,Bite,Crunch,Grass Knot,23,25,3,50000
Arbok (Shadow),58.6,24,poison,none,72.2,68.9,69,343310,10,499,Acid,Acid Spray,Dark Pulse,6,7,3,50000
Metang,58.6,375,steel,psychic,63.8,81.5,75,390175,11,500,Fury Cutter,Gyro Ball,Psychic,15,14,5,75000
Sneasler,58.6,903,fighting,poison,84.8,54.9,63,293216,6,499,Poison Jab,Aerial Ace,Close Combat,6,7,5,75000
Rattata (Shadow),58.2,19,normal,none,74.3,58.5,77,334282,26.5,498,Quick Attack,Body Slam,Dig,5,7,1,10000
Dartrix,57.7,723,grass,flying,65.1,66.5,88,380986,11,499,Leafage,Brave Bird,Energy Ball,8,8,3,10000
Froakie,57.7,656,water,none,74.9,58.4,76,332500,19.5,499,Bubble,Aerial Ace,Surf,4,5,3,10000
Sableye (Shadow),57.7,302,dark,ghost,70.3,71.8,70,353316,13,499,Feint Attack,Dazzling Gleam,Foul Play,10,7,5,75000
Unfezant,57.7,521,normal,flying,80.3,54.8,70,308252,7,499,Air Slash,Heat Wave,Hyper Beam,9,9,1,10000
Rattata (Alolan),57.5,19,dark,normal,74.3,58.5,77,334282,26.5,498,Quick Attack,Crunch,Hyper Fang,6,7,1,10000
Scyther,57.5,123,bug,flying,78.6,64.3,63,318069,7,500,Air Slash,Aerial Ace,Bug Buzz,5,7,5,75000
Scyther (Shadow),57.5,123,bug,flying,78.6,64.3,63,318069,7,500,Air Slash,Aerial Ace,Bug Buzz,5,7,5,75000
Froslass,57.4,478,ice,ghost,72,65,74,345955,9.5,498,Hex,Avalanche,Crunch,4,4,3,50000
Murkrow (Shadow),57.4,198,dark,flying,84.3,45.8,77,296918,11.5,500,Feint Attack,Dark Pulse,Drill Peck,9,7,3,50000
Pansage,57.4,511,grass,none,66.1,64.3,89,378071,19.5,499,Vine Whip,Crunch,Seed Bomb,6,6,3,50000
Ursaring,57.4,217,normal,none,80.5,52.3,73,307540,6.5,500,Counter,Close Combat,Hyper Beam,8,14,3,50000
Voltorb,57.4,100,electric,none,66.7,70.8,79,372757,19.5,498,Spark,Discharge,Gyro Ball,6,9,3,50000
Dusclops,57.3,356,ghost,none,59.7,114.3,61,416294,12,498,Feint Attack,Fire Punch,Ice Punch,7,7,3,50000
Marshtomp (Shadow),57.3,259,water,ground,70.6,64.1,78,352673,10.5,500,Mud Shot,Frustration,Mud Bomb,9,5,3,10000
Nuzleaf (Shadow),57.3,274,grass,dark,73.6,48.9,94,338544,15.5,499,Feint Attack,Foul Play,Frustration,7,12,3,50000
Prinplup,57.3,394,water,none,69.1,67.4,77,358490,11,500,Bubble,Bubble Beam,Hydro Pump,4,7,3,10000
Stunfisk (Galarian),57.3,618,ground,steel,59.7,71.7,98,419439,8.5,500,Metal Claw,Earthquake,Flash Cannon,10,10,5,75000
Karrablast (Shadow),57.1,588,bug,none,76.4,54,79,325794,16,499,Fury Cutter,Aerial Ace,Drill Run,10,12,3,50000
Nuzleaf,57.1,274,grass,dark,73.6,48.9,94,338544,15.5,499,Feint Attack,Foul Play,Grass Knot,7,9,3,50000
Delphox,57,655,fire,psychic,78,65.2,62,315312,6,499,Fire Spin,Blast Burn,Fire Blast,5,8,3,10000
Skiploom,57,188,grass,flying,56.8,80.1,95,431601,20,496,Bullet Seed,Dazzling Gleam,Energy Ball,5,5,3,50000
Weezing,57,110,poison,none,68.2,78.3,68,363181,8.5,498,Acid,Dark Pulse,Shadow Ball,7,7,3,50000
Persian (Alolan),56.8,53,dark,none,70.1,64.5,77,348353,10.5,494,Feint Attack,Dark Pulse,Foul Play,9,7,3,50000
Glameow (Shadow),56.7,431,normal,none,69.2,58.8,88,357732,21,497,Quick Attack,Aerial Ace,Frustration,5,9,3,50000
Politoed (Shadow),56.7,186,water,none,66.8,68.7,81,371505,8,500,Bubble,Blizzard,Earthquake,7,6,3,50000
Natu (Shadow),56.6,177,psychic,flying,77.7,58.1,71,320529,17.5,500,Peck,Drill Peck,Frustration,8,14,3,50000
Hitmonlee,56.3,106,fighting,none,83,68.1,53,299767,7.5,500,Double Kick,Blaze Kick,Brick Break,4,4,5,75000
Galvantula (Shadow),56,596,bug,electric,79.5,54.3,72,310431,8.5,498,Fury Cutter,Bug Buzz,Cross Poison,15,9,3,50000
Ambipom (Shadow),55.9,424,normal,none,79.2,55.5,72,316581,8,500,Astonish,Aerial Ace,Frustration,4,7,3,50000
Corphish (Shadow),55.9,341,water,none,77.5,58.8,71,323354,16,500,Bubble,Aqua Jet,Razor Shell,4,4,3,50000
Murkrow,55.9,198,dark,flying,84.3,45.8,77,296918,11.5,500,Feint Attack,Dark Pulse,Drill Peck,9,7,3,50000
Sableye,55.9,302,dark,ghost,70.3,71.8,70,353316,13,499,Feint Attack,Dazzling Gleam,Foul Play,10,7,5,75000
Sandshrew,55.9,27,ground,none,67.3,68.9,79,366425,15.5,499,Mud Shot,Dig,Rock Slide,7,6,3,50000
Sigilyph,55.9,561,psychic,flying,75.4,66,66,328241,7.5,498,Air Slash,Air Cutter,Ancient Power,4,5,5,75000
Tauros,55.6,128,normal,none,73,68.4,68,339697,7,498,Tackle,Earthquake,Horn Attack,22,12,3,50000
Ferrothorn (Shadow),55.5,598,grass,steel,62.3,88.6,72,397156,8,497,Bullet Seed,Acid Spray,Flash Cannon,4,6,3,75000
Sandslash (Alolan) (Shadow),55.3,28,ice,steel,67.9,74.7,72,365151,8,500,Metal Claw,Aerial Ace,Blizzard,6,11,3,50000
Xatu (Shadow),55.3,178,psychic,flying,77.9,61.6,67,321676,8.5,500,Air Slash,Aerial Ace,Frustration,5,8,3,50000
Electrike,55.2,309,electric,none,74.7,55.6,79,327756,20,496,Quick Attack,Discharge,Swift,5,5,3,50000
Ambipom,55,424,normal,none,79.2,55.5,72,316581,8,500,Astonish,Aerial Ace,Hyper Beam,4,8,3,50000
Horsea,55,116,water,none,76.4,65.5,65,325353,18.5,500,Bubble,Dragon Pulse,Bubble Beam,6,4,3,50000
Rapidash (Galarian),55,78,psychic,fairy,78.3,64.2,63,316433,7.5,499,Fairy Wind,Body Slam,High Horsepower,4,7,3,50000
Magnemite (Shadow),54.9,81,electric,steel,85,65,53,292659,14,500,Metal Sound,Discharge,Frustration,5,9,3,50000
Anorith (Shadow),54.8,347,rock,bug,85.2,52.8,65,292025,12,499,Scratch,Ancient Power,Aqua Jet,23,20,3,50000
Horsea (Shadow),54.8,116,water,none,76.4,65.5,65,325353,18.5,500,Bubble,Dragon Pulse,Bubble Beam,6,4,3,50000
Meowth (Galarian),54.8,52,steel,none,69.3,58.8,88,358602,19,499,Metal Claw,Dig,Gyro Ball,8,9,3,50000
Piloswine (Shadow),54.8,221,ice,ground,70.5,57,88,354072,8,500,Ice Shard,Avalanche,Bulldoze,5,5,3,50000
Stantler (Shadow),54.8,234,normal,none,77.9,56.2,73,319623,8.5,499,Tackle,Frustration,Megahorn,24,19,3,50000
Cacnea (Shadow),54.6,331,grass,none,84.3,46,76,295144,15,499,Sucker Punch,Trailblaze,Payback,7,9,3,50000
Dusclops (Shadow),54.5,356,ghost,none,59.7,114.3,61,416294,12,498,Feint Attack,Fire Punch,Frustration,7,12,3,50000
Poochyena,54.5,261,dark,none,72.6,53.7,88,342831,29.5,500,Snarl,Crunch,Dig,4,4,1,10000
Shellder (Shadow),54.5,90,water,none,68.2,83.3,64,363318,17.5,498,Tackle,Icy Wind,Razor Shell,15,12,3,50000
Xatu,54.5,178,psychic,flying,77.9,61.6,67,321676,8.5,500,Air Slash,Aerial Ace,Future Sight,5,8,3,50000
Metang (Shadow),54.4,375,steel,psychic,63.8,81.5,75,390175,11,500,Fury Cutter,Frustration,Gyro Ball,18,15,5,75000
Natu,54.2,177,psychic,flying,77.7,58.1,71,320529,17.5,500,Peck,Drill Peck,Night Shade,8,9,3,50000
Vulpix (Alolan),54.2,37,ice,none,64,77.3,79,390846,22.5,500,Powder Snow,Blizzard,Dark Pulse,10,7,3,50000
Mr. Mime (Galarian),54.1,122,ice,psychic,75.5,73.5,59,327576,9,497,Confusion,Ice Punch,Psybeam,4,5,5,75000
Rattata (Alolan) (Shadow),54.1,19,dark,normal,74.3,58.5,77,334282,26.5,498,Quick Attack,Crunch,Frustration,6,9,1,10000
Braviary (Hisuian),53.9,628,psychic,flying,76.1,50.7,85,327842,6.5,500,Air Slash,Brave Bird,Dazzling Gleam,7,7,5,75000
Bulbasaur,53.9,1,grass,poison,68,70.8,76,366180,18,500,Vine Whip,Power Whip,Sludge Bomb,7,7,3,10000
Nidoran Male,53.9,32,poison,none,69.1,57.7,89,354451,22.5,495,Peck,Body Slam,Horn Attack,7,7,3,50000
Nidoran Male (Shadow),53.9,32,poison,none,69.1,57.7,89,354451,22.5,495,Peck,Body Slam,Frustration,7,14,3,50000
Piloswine,53.9,221,ice,ground,70.5,57,88,354072,8,500,Ice Shard,Avalanche,Bulldoze,5,5,3,50000
Teddiursa,53.9,216,normal,none,75,53.5,83,332849,14,500,Lick,Cross Chop,Crunch,12,15,3,50000
Voltorb (Shadow),53.9,100,electric,none,66.7,70.8,79,372757,19.5,498,Spark,Discharge,Frustration,6,10,3,50000
Mareep,53.8,179,electric,none,70.2,54.3,93,354288,19.5,499,Tackle,Body Slam,Discharge,12,14,5,75000
Swellow (Shadow),53.8,277,normal,flying,78.9,57.2,69,311356,9.5,496,Steel Wing,Aerial Ace,Brave Bird,7,10,1,10000
Politoed,53.5,186,water,none,66.8,68.7,81,371505,8,500,Bubble,Blizzard,Earthquake,7,6,3,50000
Throh,53.5,538,fighting,none,63.8,63.4,96,388451,7.5,497,Low Kick,Body Slam,Brick Break,7,8,5,75000
Frogadier,53.4,657,water,none,78.4,58.4,69,316079,11.5,500,Bubble,Aerial Ace,Surf,4,5,3,10000
Cacnea,53.3,331,grass,none,84.3,46,76,295144,15,499,Sucker Punch,Trailblaze,Payback,7,9,3,50000
Diglett (Alolan),53.1,50,ground,steel,80.6,66.9,57,307267,29,499,Metal Claw,Dig,Mud Bomb,8,6,3,50000
Azelf,53,482,psychic,none,88,53.3,60,281357,6,497,Confusion,Fire Blast,Future Sight,7,6,20,100000
Snover (Shadow),53,459,grass,ice,64.6,64.6,91,379448,16.5,496,Leafage,Energy Ball,Ice Beam,8,8,3,50000
Anorith,52.8,347,rock,bug,85.2,52.8,65,292025,12,499,Scratch,Ancient Power,Aqua Jet,23,20,3,50000
Crawdaunt,52.8,342,water,dark,83,56.5,63,295676,7.5,497,Snarl,Bubble Beam,Crabhammer,4,4,3,50000
Froslass (Shadow),52.8,478,ice,ghost,72,65,74,345955,9.5,498,Hex,Avalanche,Crunch,4,4,3,50000
Persian,52.8,53,normal,none,68.2,66.9,78,356132,11,494,Feint Attack,Foul Play,Night Slash,7,6,3,50000
Teddiursa (Shadow),52.6,216,normal,none,75,53.5,83,332849,14,500,Lick,Cross Chop,Crunch,12,15,3,50000
Bulbasaur (Shadow),52.4,1,grass,poison,68.2,69.3,77,363775,17.5,498,Vine Whip,Power Whip,Sludge Bomb,7,7,3,10000
Swellow,52.4,277,normal,flying,78.9,57.2,69,311356,9.5,496,Steel Wing,Aerial Ace,Brave Bird,7,10,1,10000
Alakazam,52.3,65,psychic,none,90.5,58.4,51,269860,6,497,Confusion,Dazzling Gleam,Fire Punch,5,4,3,50000
Alakazam (Shadow),52.3,65,psychic,none,90.5,58.4,51,269860,6,497,Confusion,Dazzling Gleam,Fire Punch,5,4,3,50000
Bibarel,52.3,400,normal,water,71.9,57.1,84,344976,10.5,500,Rollout,Hyper Beam,Hyper Fang,7,4,1,10000
Inkay,52.3,686,dark,psychic,63.2,66.3,94,393604,21.5,500,Peck,Night Slash,Psybeam,7,12,3,50000
Snover,52.3,459,grass,ice,64.6,64.6,91,379448,16.5,496,Leafage,Energy Ball,Ice Beam,8,8,3,50000
Ekans (Shadow),51.9,23,poison,none,70.5,66.9,75,353746,20,500,Acid,Frustration,Gunk Shot,9,10,3,50000
Inkay (Shadow),51.9,686,dark,psychic,63.2,66.3,94,393604,21.5,500,Peck,Frustration,Night Slash,14,7,3,50000
Vulpix (Alolan) (Shadow),51.9,37,ice,none,64,77.3,79,390846,22.5,500,Powder Snow,Blizzard,Dark Pulse,10,7,3,50000
Electrode,51.6,101,electric,none,71.1,73.1,67,348438,9,499,Spark,Discharge,Foul Play,6,6,3,50000
Omanyte,51.6,138,rock,water,75.6,74.2,59,330654,12.5,500,Mud Shot,Rock Tomb,Rock Blast,7,5,5,75000
Sneasel (Shadow),51.5,215,dark,ice,79.1,62.3,64,315609,9,500,Feint Attack,Avalanche,Foul Play,8,7,3,50000
Stantler,51.3,234,normal,none,77.5,55.1,75,320569,9,498,Tackle,Megahorn,Stomp,19,14,3,50000
Abomasnow (Shadow),51.2,460,grass,ice,69,63,83,361254,8,500,Leafage,Blizzard,Energy Ball,11,8,3,50000
Phanpy,51.2,231,ground,none,60.4,58.8,117,415256,16,500,Rock Smash,Body Slam,Bulldoze,5,7,3,50000
Phanpy (Shadow),51.1,231,ground,none,60.4,58.8,117,415256,16,500,Rock Smash,Body Slam,Bulldoze,5,7,3,50000
Mareep (Shadow),50.9,179,electric,none,70.2,54.3,93,354288,19.5,499,Tackle,Body Slam,Discharge,12,14,5,75000
Suicune,50.9,245,water,none,61.7,83.5,78,402119,6.5,499,Extrasensory,Bubble Beam,Hydro Pump,4,8,20,100000
Electrode (Shadow),50.6,101,electric,none,71.1,73.1,67,348438,9,499,Spark,Discharge,Foul Play,6,6,3,50000
Mudkip (Shadow),50.6,258,water,none,72.2,58.1,82,343610,16.5,499,Tackle,Sludge,Dig,14,17,3,10000
Sneasel,50.2,215,dark,ice,79.1,62.3,64,315609,9,500,Feint Attack,Avalanche,Foul Play,8,7,3,50000
Kadabra (Shadow),50.1,64,psychic,none,94.3,51.9,53,259604,9,499,Confusion,Dazzling Gleam,Frustration,5,6,3,50000
Abomasnow,50,460,grass,ice,69,63,83,361254,8,500,Leafage,Blizzard,Energy Ball,11,8,3,50000
Garbodor,50,569,poison,none,70.2,67.2,75,353479,8,498,Infestation,Acid Spray,Body Slam,4,3,3,50000
Slowking (Galarian),50,199,poison,psychic,68.4,68.1,78,363551,7,499,Acid,Future Sight,Scald,9,7,3,50000
Kadabra,49.8,64,psychic,none,94.3,51.9,53,259604,9,499,Confusion,Dazzling Gleam,Psybeam,5,5,3,50000
Sandshrew (Alolan) (Shadow),49.7,27,ice,steel,67.1,72.7,76,371236,14.5,500,Metal Claw,Blizzard,Frustration,11,10,3,50000
Sandshrew (Alolan),49.5,27,ice,steel,67.1,72.7,76,371236,14.5,500,Metal Claw,Blizzard,Gyro Ball,11,9,3,50000
Shiftry,49.5,275,grass,dark,76.5,51,82,320325,8,496,Bullet Seed,Foul Play,Hurricane,4,5,3,50000
Basculin,49.4,550,water,none,77.1,57.5,72,319472,9,498,Tackle,Aqua Tail,Aqua Jet,12,14,1,10000
Gloom (Shadow),49.3,44,grass,poison,71.1,63.9,77,349881,11.5,498,Acid,Frustration,Moonblast,9,8,3,50000
Blitzle,49.1,522,electric,none,76.8,48.9,86,323218,21.5,498,Quick Attack,Discharge,Flame Charge,5,7,3,50000
Timburr (Shadow),49,532,fighting,none,71.2,51.4,96,351275,14.5,500,Low Kick,Brick Break,Frustration,8,14,5,75000
Golem,48.7,76,rock,ground,72.1,71.1,67,343631,6.5,498,Mud Shot,Ancient Power,Earthquake,6,9,1,10000
Malamar (Shadow),48.7,687,dark,psychic,68.3,67.2,79,362376,8,500,Peck,Foul Play,Frustration,8,14,3,50000
Skiploom (Shadow),48.7,188,grass,flying,56.8,80.1,95,431601,20,496,Bullet Seed,Dazzling Gleam,Energy Ball,5,5,3,50000
Cradily (Shadow),48.4,346,rock,grass,61.6,81,81,404370,8.5,499,Acid,Bulldoze,Frustration,6,9,3,50000
Shinx (Shadow),48.4,403,electric,none,76.2,48.9,87,324339,21.5,498,Spark,Discharge,Frustration,6,10,5,75000
Excadrill,48.3,530,ground,steel,83.2,45.9,78,297836,6,500,Metal Claw,Drill Run,Earthquake,7,10,3,50000
Gurdurr (Shadow),48.3,533,fighting,none,73.3,56.6,82,339922,8.5,500,Low Kick,Brick Break,Frustration,8,14,5,75000
Servine (Shadow),48.3,496,grass,none,61.8,81,80,400730,13.5,499,Iron Tail,Frustration,Grass Knot,10,8,3,10000
Weavile,48.3,461,dark,ice,83.2,61.1,59,299652,6.5,500,Feint Attack,Avalanche,Focus Blast,8,13,3,50000
Absol,48.2,359,dark,none,90.6,48.6,62,272867,7.5,498,Psycho Cut,Brutal Swing,Dark Pulse,4,6,5,75000
Whiscash (Shadow),48.2,340,water,ground,62.7,61.5,102,393732,9,498,Mud Shot,Blizzard,Frustration,10,9,1,10000
Diglett (Alolan) (Shadow),48,50,ground,steel,80.6,66.9,57,307267,29,499,Metal Claw,Dig,Frustration,8,10,3,50000
Dwebble (Shadow),48,557,bug,rock,65.2,74.8,78,380401,16,498,Cut,Frustration,Rock Blast,35,20,1,10000
Garbodor (Shadow),48,569,poison,none,70.2,67.2,75,353479,8,498,Infestation,Acid Spray,Body Slam,4,3,3,50000
Omanyte (Shadow),48,138,rock,water,75.6,74.2,59,330654,12.5,500,Mud Shot,Rock Tomb,Rock Blast,7,5,5,75000
Serperior (Shadow),48,497,grass,none,64.3,82.6,73,387758,8.5,500,Iron Tail,Aerial Ace,Frenzy Plant,6,7,3,10000
Timburr,48,532,fighting,none,71.2,51.4,96,351275,14.5,500,Low Kick,Brick Break,Low Sweep,8,8,5,75000
Persian (Shadow),47.9,53,normal,none,68.2,66.9,78,356132,11,494,Feint Attack,Foul Play,Frustration,7,12,3,50000
Poochyena (Shadow),47.7,261,dark,none,72.6,53.7,88,342831,29.5,500,Snarl,Crunch,Dig,4,4,1,10000
Shinx,47.7,403,electric,none,75.4,48.2,90,326814,22.5,498,Spark,Discharge,Return,6,10,5,75000
Dwebble,47.5,557,bug,rock,64.1,75.9,79,384375,16,496,Cut,Rock Blast,Rock Tomb,20,25,1,10000
Electrode (Hisuian),47.5,101,electric,grass,71.7,74,65,345040,8.5,499,Tackle,Energy Ball,Swift,19,12,3,50000
Gloom,47.5,44,grass,poison,71.1,63.9,77,349881,11.5,498,Acid,Moonblast,Petal Blizzard,8,9,3,50000
Tangela,47.2,114,grass,none,72.5,70.2,67,340679,8.5,497,Vine Whip,Grass Knot,Sludge Bomb,7,7,3,50000
Bellsprout (Shadow),47.1,69,grass,poison,82.2,43.1,85,300878,18,498,Acid,Power Whip,Sludge Bomb,7,7,3,50000
Joltik,47.1,595,bug,electric,67.2,64.4,86,372038,18.5,500,Charge Beam,Bug Buzz,Cross Poison,6,4,3,50000
Gurdurr,46.9,533,fighting,none,73.3,56.6,82,339922,8.5,500,Low Kick,Brick Break,Low Sweep,8,8,5,75000
Malamar,46.9,687,dark,psychic,68.3,67.2,79,362376,8,500,Peck,Foul Play,Hyper Beam,8,16,3,50000
Servine,46.9,496,grass,none,61.8,81,80,400730,13.5,499,Iron Tail,Grass Knot,Leaf Tornado,8,6,3,10000
Weepinbell (Shadow),46.9,70,grass,poison,81.1,48.5,78,306650,11.5,499,Acid,Frustration,Power Whip,9,7,3,50000
Hawlucha,46.8,701,fighting,flying,74.7,59.3,75,332032,8,499,Low Kick,Aerial Ace,Flying Press,8,8,5,75000
Serperior,46.6,497,grass,none,64.3,82.6,73,387758,8.5,500,Iron Tail,Aerial Ace,Frenzy Plant,6,7,3,10000
Tangela (Shadow),46.6,114,grass,none,72.5,70.2,67,340679,8.5,497,Vine Whip,Grass Knot,Sludge Bomb,7,7,3,50000
Weepinbell,46.6,70,grass,poison,81,48.1,79,307951,12,499,Acid,Power Whip,Seed Bomb,7,6,3,50000
Illumise,46.5,314,bug,none,64.5,77.1,77,382759,10.5,497,Struggle Bug,Bug Buzz,Dazzling Gleam,8,7,3,50000
Seviper,46.5,336,poison,none,80.3,52.7,73,309224,9,500,Iron Tail,Crunch,Poison Fang,7,6,3,50000
Volbeat,46.5,313,bug,none,64.5,77.1,77,382759,10.5,497,Struggle Bug,Bug Buzz,Signal Beam,8,7,3,50000
Mismagius,46.4,429,ghost,none,77.5,69.8,59,319459,7,499,Hex,Dark Pulse,Dazzling Gleam,4,5,3,50000
Voltorb (Hisuian),46.2,100,grass,electric,66.7,70.8,79,372757,19.5,498,Charge Beam,Thunderbolt,Swift,5,4,3,50000
Treecko,46,252,grass,none,73.7,61.8,74,336815,18,498,Bullet Seed,Grass Knot,Aerial Ace,4,4,3,10000
Regirock,45.8,377,rock,none,61.3,102.1,65,407025,6,500,Lock On,Earthquake,Focus Blast,13,15,20,100000
Vileplume,45.8,45,grass,poison,75,66,67,331613,7.5,499,Acid,Moonblast,Petal Blizzard,8,9,3,50000
Vileplume (Shadow),45.8,45,grass,poison,75,66,67,331613,7.5,499,Acid,Moonblast,Petal Blizzard,8,9,3,50000
Graveler (Shadow),45.5,75,rock,ground,71.4,73.9,66,348435,10,500,Mud Shot,Dig,Frustration,7,9,1,10000
Omastar,45.5,139,rock,water,73.7,72.3,63,335562,7,499,Mud Shot,Ancient Power,Hydro Pump,6,10,5,75000
Dugtrio (Alolan) (Shadow),45.4,51,ground,steel,87,64.2,51,285059,10,498,Metal Claw,Earthquake,Frustration,10,10,3,50000
Shiftry (Shadow),45.3,275,grass,dark,76.5,51,82,320325,8,496,Bullet Seed,Foul Play,Frustration,4,6,3,50000
Archeops,45,567,rock,flying,94,46.8,59,259590,5.5,496,Steel Wing,Ancient Power,Crunch,8,8,5,75000
Gabite (Shadow),45,444,dragon,ground,74.8,58.3,76,331375,10,499,Mud Shot,Dig,Flamethrower,7,7,5,75000
Bellsprout,44.9,69,grass,poison,82.1,41.9,88,302898,19,500,Acid,Power Whip,Sludge Bomb,7,7,3,50000
Sandshrew (Shadow),44.9,27,ground,none,67.8,68.8,78,363798,15,498,Mud Shot,Dig,Frustration,7,9,3,50000
Ursaluna,44.6,901,ground,normal,72.6,56.9,83,342624,5,498,Rock Smash,Aerial Ace,Fire Punch,6,6,3,50000
Gastrodon,44.4,423,water,ground,66.4,59.3,95,374078,8,499,Hidden Power (Bug),Body Slam,Earthquake,5,9,3,50000
Ralts,44.3,280,psychic,fairy,67.9,60.5,89,365593,45.5,500,Charge Beam,Disarming Voice,Psyshock,5,4,5,75000
Wailord (Shadow),44.3,321,water,none,69.4,37.6,137,357352,8.5,499,Rollout,Blizzard,Frustration,6,6,1,10000
Dugtrio,44,51,ground,none,79.6,67.1,58,309819,12,497,Mud Shot,Earthquake,Mud Bomb,9,5,3,50000
Dugtrio (Alolan),44,51,ground,steel,87,64.2,51,285059,10,498,Metal Claw,Earthquake,Iron Head,10,8,3,50000
Zangoose,44,335,normal,none,85.6,49.5,69,292392,8,500,Fury Cutter,Close Combat,Dig,12,13,3,50000
Cacturne (Shadow),43.9,332,grass,dark,85.6,48.8,69,287962,8,496,Poison Jab,Dark Pulse,Dynamic Punch,8,7,3,50000
Bibarel (Shadow),43.8,400,normal,water,71.9,57.1,84,344976,10.5,500,Rollout,Frustration,Hyper Beam,6,7,1,10000
Gabite,43.8,444,dragon,ground,74.8,58.3,76,331375,10,499,Mud Shot,Dig,Flamethrower,7,7,5,75000
Gengar,43.8,94,ghost,poison,90.2,53.7,57,276051,6.5,499,Hex,Dark Pulse,Focus Blast,4,6,3,50000
Blitzle (Shadow),43.5,522,electric,none,76.8,48.9,86,323218,21.5,498,Quick Attack,Discharge,Flame Charge,5,7,3,50000
Cacturne,43.3,332,grass,dark,85.6,48.8,69,287962,8,496,Poison Jab,Dark Pulse,Dynamic Punch,8,7,3,50000
Diglett,42.9,50,ground,none,82,64.9,57,303389,28.5,499,Mud Shot,Dig,Mud Bomb,7,5,3,50000
Magnezone,42.8,462,electric,steel,78,68.1,60,318669,6,498,Charge Beam,Flash Cannon,Mirror Shot,7,4,3,50000
Joltik (Shadow),42.4,595,bug,electric,67.2,64.4,86,372038,18.5,500,Charge Beam,Bug Buzz,Cross Poison,6,4,3,50000
Comfey,42,764,fairy,none,67.5,90.3,60,365870,9,500,Hidden Power (Bug),Draining Kiss,Grass Knot,7,7,3,50000
Nidoking,42,34,poison,ground,75.8,59.4,73,328721,7.5,500,Double Kick,Earthquake,Earth Power,6,5,3,50000
Wailord,42,321,water,none,69.4,37.6,137,357352,8.5,499,Rollout,Blizzard,Hyper Beam,6,7,1,10000
Raichu (Alolan),41.8,26,electric,psychic,78.8,63,63,312952,8,499,Spark,Grass Knot,Psychic,8,8,1,10000
Sceptile,41.5,254,grass,none,79.3,62.5,63,312176,7,498,Bullet Seed,Aerial Ace,Breaking Swipe,4,3,3,10000
Bellossom (Shadow),41.3,182,grass,none,67.1,75.6,73,369959,8.5,498,Acid,Dazzling Gleam,Frustration,7,9,3,50000
Chesnaught,41.3,652,grass,fighting,69.1,73.5,71,360423,6.5,500,Low Kick,Energy Ball,Frenzy Plant,11,9,3,10000
Dugtrio (Shadow),40.7,51,ground,none,79.6,67.1,58,309819,12,497,Mud Shot,Earthquake,Frustration,9,9,3,50000
Electrike (Shadow),40.7,309,electric,none,75.9,55,78,325249,20,497,Quick Attack,Discharge,Frustration,5,9,3,50000
Diglett (Shadow),40.4,50,ground,none,82,64.9,57,303389,28.5,499,Mud Shot,Dig,Frustration,7,9,3,50000
Sawk,40,539,fighting,none,82.4,55.5,66,302018,7,498,Low Kick,Body Slam,Brick Break,7,8,5,75000
Sandslash (Shadow),39.9,28,ground,none,69.8,69.4,73,353684,8,498,Metal Claw,Bulldoze,Earthquake,7,10,3,50000
Sandslash,39.8,28,ground,none,69.8,69.4,73,353684,8,498,Metal Claw,Bulldoze,Earthquake,7,10,3,50000
Ampharos,39.2,181,electric,none,74.1,61.7,73,334022,6.5,499,Charge Beam,Brutal Swing,Dragon Pulse,4,6,5,75000
Ampharos (Shadow),39.2,181,electric,none,74.1,61.7,73,334022,6.5,499,Charge Beam,Brutal Swing,Dragon Pulse,4,6,5,75000
Treecko (Shadow),39.1,252,grass,none,73.7,61.8,74,336815,18,498,Bullet Seed,Grass Knot,Aerial Ace,4,4,3,10000
Raikou,38.9,243,electric,none,75.9,64,67,325296,5.5,499,Thunder Shock,Shadow Ball,Thunder,7,7,20,100000
Flaaffy,38.8,180,electric,none,70.4,58.6,85,350372,12.5,496,Charge Beam,Discharge,Power Gem,4,5,5,75000
Banette (Shadow),38.7,354,ghost,none,84.8,52.9,65,291641,8,499,Hex,Dazzling Gleam,Frustration,5,6,3,50000
Tangrowth,38.7,465,grass,none,71.1,63.1,78,349809,6.5,499,Infestation,Ancient Power,Power Whip,4,5,3,50000
Banette,38.2,354,ghost,none,83.7,52.9,66,292197,8,494,Hex,Dazzling Gleam,Shadow Ball,5,5,3,50000
Trapinch (Shadow),38.2,328,ground,none,86.4,47.6,70,287902,15,500,Mud Shot,Crunch,Dig,6,7,5,75000
Zapdos,38.2,145,electric,flying,78.7,60.6,66,314592,5.5,500,Charge Beam,Ancient Power,Drill Peck,5,4,20,100000
Bouffalant,38.1,626,normal,none,69.5,65,79,356593,7,498,Mud Shot,Earthquake,Megahorn,9,7,3,50000
Magneton,38.1,82,electric,steel,83.7,66,54,298258,7.5,499,Charge Beam,Discharge,Flash Cannon,4,7,3,50000
Trapinch,37.7,328,ground,none,86.4,47.6,70,287902,15,500,Mud Shot,Crunch,Dig,6,7,5,75000
Grovyle,37,253,grass,none,79.7,57.5,68,311987,11.5,500,Bullet Seed,Aerial Ace,Grass Knot,4,4,3,10000
Accelgor,36.7,617,bug,none,81.9,48.9,74,296612,7.5,493,Acid,Acid Spray,Bug Buzz,6,8,3,50000
Exeggutor,36.7,103,grass,psychic,79.5,53,74,311803,6.5,499,Bullet Seed,Psychic,Seed Bomb,5,4,3,50000
Delibird,36.3,225,ice,flying,73.8,58.7,77,333284,17.5,496,Present,Aerial Ace,Fly,4,4,5,75000
Maractus,36,556,grass,none,79.5,54.7,72,312648,8.5,498,Bullet Seed,Aerial Ace,Petal Blizzard,4,5,1,10000
Kangaskhan,35.9,115,normal,none,67.1,62,89,369890,7.5,500,Low Kick,Brick Break,Crunch,8,9,3,50000
Luxray,35.6,405,electric,none,80.2,56.7,68,309055,6.5,499,Hidden Power (Bug),Crunch,Hyper Beam,6,10,5,75000
Flaaffy (Shadow),35.3,180,electric,none,70.4,58.6,85,350372,12.5,496,Charge Beam,Discharge,Frustration,4,7,5,75000
Archen,34.8,566,rock,flying,91.7,43.5,67,267316,10,497,Quick Attack,Ancient Power,Crunch,6,6,5,75000
Archen (Shadow),34.8,566,rock,flying,91.7,43.5,67,267316,10,497,Quick Attack,Ancient Power,Crunch,6,6,5,75000
Reuniclus,34.7,579,psychic,none,73.5,54.7,84,337407,6.5,499,Hidden Power (Bug),Future Sight,Psyshock,9,5,3,50000
Trubbish (Shadow),34.4,568,poison,none,60,79.8,87,416236,19,500,Pound,Frustration,Gunk Shot,18,19,3,50000
Quilladin,34.1,651,grass,none,67.4,73.1,75,369324,11,499,Low Kick,Body Slam,Energy Ball,7,11,3,10000
Ralts (Shadow),33.8,280,psychic,fairy,67.9,60.5,89,365593,45.5,500,Charge Beam,Disarming Voice,Frustration,5,7,5,75000
Koffing (Shadow),33.4,109,poison,none,64.7,82,71,376847,15.5,493,Infestation,Dark Pulse,Frustration,5,6,3,50000
Porygon (Shadow),33.3,137,normal,none,69.6,66,77,353667,11,499,Charge Beam,Discharge,Frustration,4,7,3,50000
Solosis (Shadow),33.1,577,psychic,none,87,47.5,69,284981,14,499,Hidden Power (Bug),Frustration,Night Shade,9,6,3,50000
Duosion (Shadow),33,578,psychic,none,87.1,46.7,70,285049,9,500,Hidden Power (Bug),Frustration,Night Shade,9,6,3,50000
Electabuzz (Shadow),32.9,125,electric,none,77.3,63.4,66,323524,8,500,Low Kick,Frustration,Thunder,14,12,5,75000
Grovyle (Shadow),32.7,253,grass,none,79.7,57.5,68,311987,11.5,500,Bullet Seed,Aerial Ace,Frustration,4,6,3,10000
Porygon,32.5,137,normal,none,69.6,66,77,353667,11,499,Charge Beam,Discharge,Hyper Beam,4,8,3,50000
Trubbish,32.5,568,poison,none,59.3,81.7,87,421053,20.5,499,Pound,Gunk Shot,Seed Bomb,19,12,3,50000
Weezing (Shadow),32.3,110,poison,none,69,80.2,65,359794,8.5,500,Infestation,Dark Pulse,Frustration,5,6,3,50000
Electabuzz,31.9,125,electric,none,77.3,63.4,66,323524,8,500,Low Kick,Thunder,Thunderbolt,12,11,5,75000
Kirlia,31.9,281,psychic,fairy,73.1,61.3,76,341042,19.5,499,Charge Beam,Disarming Voice,Draining Kiss,5,5,5,75000
Solosis,31.6,577,psychic,none,87,47.5,69,284981,14,499,Hidden Power (Bug),Night Shade,Psyshock,6,5,3,50000
Duosion,31.4,578,psychic,none,87.1,46.7,70,285049,9,500,Hidden Power (Bug),Night Shade,Psyshock,6,5,3,50000
Grumpig,31.1,326,psychic,none,66,75.8,75,375434,8,500,Charge Beam,Dynamic Punch,Mirror Coat,5,5,1,10000
Zebstrika,30.9,523,electric,none,80.5,54.7,70,308278,7.5,499,Low Kick,Discharge,Flame Charge,8,10,3,50000
Exeggutor (Alolan),30.8,103,grass,dragon,78.5,54.3,74,315650,6.5,500,Bullet Seed,Draco Meteor,Dragon Pulse,5,5,3,50000
Kirlia (Shadow),30.7,281,psychic,fairy,73.1,61.3,76,341042,19.5,499,Charge Beam,Disarming Voice,Frustration,5,7,5,75000
Electivire,30.1,466,electric,none,84.4,57.2,61,294410,6,498,Low Kick,Flamethrower,Ice Punch,11,8,5,75000\
Electivire (Shadow),30.1,466,electric,none,84.4,57.2,61,294410,6,498,Low Kick,Flamethrower,Ice Punch,11,8,5,75000
Manectric (Shadow),29.7,310,electric,none,82.2,52.9,69,299999,8,496,Charge Beam,Flame Burst,Frustration,5,7,3,50000
Ponyta (Galarian),29.6,77,psychic,none,78.4,61.6,66,318823,11,500,Low Kick,Play Rough,Psybeam,12,12,3,50000
Delibird (Shadow),29.4,225,ice,flying,73.8,58.7,77,333284,17.5,496,Present,Aerial Ace,Fly,4,4,5,75000
Grumpig (Shadow),29,326,psychic,none,66,75.8,75,375434,8,500,Charge Beam,Dynamic Punch,Frustration,5,7,1,10000
Manectric,28.9,310,electric,none,82.2,52.9,69,299999,8,496,Charge Beam,Flame Burst,Overheat,5,5,3,50000
Drizzile,28.7,817,water,none,80.3,54.1,71,308230,10,498,Pound,Surf,Water Pulse,12,14,3,10000
Beldum,28.2,374,steel,psychic,59.1,87.8,80,415502,20,495,Take Down,Iron Head,Iron Head,7,0,5,75000
Beldum (Shadow),28,374,steel,psychic,60.5,84.1,81,411867,20.5,499,Take Down,Frustration,Iron Head,9,7,5,75000
Inteleon,26.5,818,water,none,90.2,51.3,60,277867,6.5,500,Pound,Shadow Ball,Surf,14,12,3,10000
Porygon2,26.5,233,normal,none,70.5,67,74,349997,7,498,Charge Beam,Hyper Beam,Solar Beam,8,8,3,50000
Gardevoir,26.3,282,psychic,fairy,79,66.8,59,311242,6,496,Charge Beam,Dazzling Gleam,Psychic,5,5,5,75000
Gardevoir (Shadow),26.3,282,psychic,fairy,79,66.8,59,311242,6,496,Charge Beam,Dazzling Gleam,Psychic,5,5,5,75000
Porygon-Z,23.8,474,normal,none,86.1,50.7,66,288126,6,498,Charge Beam,Blizzard,Hyper Beam,7,8,3,50000
Slakoth,21.7,287,normal,none,63.7,61.3,99,386929,19.5,498,Yawn,Body Slam,Brick Break,3,4,5,75000
Regieleki,21.2,894,electric,none,89.4,46.1,68,280222,7,500,Lock On,Hyper Beam,Thunder,16,12,20,100000
Cranidos (Shadow),19.5,408,rock,none,95.1,35.9,76,259459,10,499,Take Down,Ancient Power,Bulldoze,6,6,5,75000
Abra (Shadow),19.2,63,psychic,none,100.5,46.5,53,247542,14,500,Charge Beam,Frustration,Psyshock,7,4,3,50000
Abra,19,63,psychic,none,98.5,47.5,53,247833,14,498,Charge Beam,Psyshock,Shadow Ball,4,5,3,50000
Cranidos,19,408,rock,none,95.1,35.9,76,259459,10,499,Take Down,Ancient Power,Bulldoze,6,6,5,75000
Slakoth (Shadow),17,287,normal,none,63.7,61.3,99,386929,19.5,498,Yawn,Body Slam,Brick Break,3,4,5,75000
Magikarp,6.8,129,water,none,37,84,84,260976,50,310,Splash,Return,Struggle,6,9,1,10000
Slaking,6.6,289,normal,none,80.7,48.4,79,308627,4.5,500,Yawn,Body Slam,Earthquake,3,6,5,75000
Magikarp (Shadow),5.5,129,water,none,37,84,84,260976,50,310,Splash,Struggle,Frustration,9,6,1,10000
Spoink,5.2,325,psychic,none,66.1,67.7,84,375838,14.5,499,Splash,Mirror Coat,Psybeam,5,5,1,10000
Spoink (Shadow),4.5,325,psychic,none,66.1,67.7,84,375838,14.5,499,Splash,Frustration,Mirror Coat,6,5,1,10000
