Pokemon,Score,Dex,Type 1,Type 2,Attack,Defense,Stamina,Stat Product,Level,CP,Fast Move,Charged Move 1,Charged Move 2,Charged Move 1 Count,Charged Move 2 Count,Buddy Distance,Charged Move Cost
Bellibolt,97.1,939,electric,none,148.6,139.9,201,4177449,40,2494,Sucker Punch,Parabolic Charge,Zap Cannon,7,12,1,50000
Lapras,95.5,131,water,ice,134.8,147.6,232,4616775,41.5,2500,Psywave,Sparkling Aria,Ice Beam,12,14,5,75000
Forretress,95,205,bug,steel,145.4,182.3,162,4294273,50,2499,Bug Bite,Rock Tomb,Earthquake,17,22,5,75000
Lapras (Shadow),95,131,water,ice,134.8,147.6,232,4616775,41.5,2500,Psywave,Sparkling Aria,Ice Beam,12,14,5,75000
Corviknight,94.9,823,flying,steel,137.8,168.4,194,4501653,47,2495,Sand Attack,Sky Attack,Iron Head,14,13,1,10000
Dusknoir,94.5,477,ghost,none,153.2,223.2,118,4035710,48.5,2489,Astonish,Dynamic Punch,Shadow Punch,5,4,3,50000
Moltres (Galarian),94.4,146,dark,flying,149.5,172.7,161,4155616,29.5,2492,Sucker Punch,Fly,Brave Bird,7,8,20,100000
Dusknoir (Shadow),94.3,477,ghost,none,153.2,223.2,118,4035710,48.5,2489,Astonish,Dynamic Punch,Shadow Punch,5,4,3,50000
Grumpig,93.9,326,psychic,none,146.6,169.2,170,4218159,49.5,2493,Psywave,Dynamic Punch,Shadow Ball,12,14,1,10000
Feraligatr (Shadow),93.8,160,water,none,159.8,150.6,162,3898223,35.5,2496,Shadow Claw,Hydro Cannon,Ice Beam,5,7,3,10000
Grumpig (Shadow),93.8,326,psychic,none,146.6,169.2,170,4218159,49.5,2493,Psywave,Dynamic Punch,Shadow Ball,12,14,1,10000
Golisopod,93.5,768,bug,water,161.1,171.2,140,3861521,29.5,2500,Fury Cutter,X-Scissor,Aqua Jet,10,10,1,10000
Giratina (Altered),93.4,487,ghost,dragon,133.8,165.3,209,4623396,27.5,2489,Shadow Claw,Dragon Claw,Shadow Sneak,5,6,20,100000
Tentacruel,93.1,73,water,poison,141.2,185.2,168,4390693,48,2493,Acid,Scald,Blizzard,7,10,3,50000
Primeape,92.8,57,fighting,none,182.4,125.8,148,3394440,48.5,2490,Karate Chop,Rage Fist,Close Combat,4,5,3,50000
Jellicent,92.6,593,water,ghost,141.5,158,197,4404417,46.5,2499,Hex,Surf,Shadow Ball,4,5,3,50000
Tinkaton,92.6,959,fairy,steel,140.3,176.5,178,4407827,50,2488,Fairy Wind,Play Rough,Bulldoze,7,5,3,75000
Weezing (Galarian) (Shadow),92.4,110,poison,fairy,154.9,175.7,147,4001272,48.5,2493,Fairy Wind,Brutal Swing,Sludge,4,5,3,50000
Cradily,92.1,346,rock,grass,140.3,175.6,180,4436127,50,2499,Acid,Rock Tomb,Grass Knot,7,7,3,50000
Malamar (Shadow),92.1,687,dark,psychic,152.9,150.4,177,4071612,50,2497,Psywave,Foul Play,Superpower,10,10,3,50000
Steelix,92.1,208,steel,ground,127,237.5,162,4887002,48,2497,Thunder Fang,Psychic Fangs,Breaking Swipe,6,6,5,75000
Regidrago,92,895,dragon,none,154.1,85.9,305,4038371,31.5,2498,Dragon Breath,Dragon Energy,Breaking Swipe,15,12,20,100000
Weezing (Galarian),91.9,110,poison,fairy,154.9,175.7,147,4001272,48.5,2493,Fairy Wind,Brutal Swing,Sludge,4,5,3,50000
Feraligatr,91.8,160,water,none,159.8,150.6,162,3898223,35.5,2496,Shadow Claw,Hydro Cannon,Ice Beam,5,7,3,10000
Runerigus,91.6,867,ground,ghost,146.2,209.7,138,4229372,49,2492,Shadow Claw,Rock Tomb,Shadow Ball,7,7,3,50000
Gastrodon,91.4,423,water,ground,150.2,129.6,213,4145475,47,2499,Mud Slap,Earth Power,Body Slam,6,4,3,50000
Registeel,91.2,379,steel,none,122.8,242.2,171,5086235,49,2500,Lock On,Focus Blast,Zap Cannon,15,16,20,100000
Samurott (Shadow),91.2,503,water,none,165.1,130,175,3755605,35.5,2496,Fury Cutter,Hydro Cannon,Megahorn,10,14,3,10000
Zygarde (Complete Forme),91.2,718,dragon,ground,128.9,142,264,4833523,24,2498,Dragon Tail,Crunch,Earthquake,5,8,20,100000
Cobalion,91.1,638,steel,fighting,146.2,179.3,163,4272667,30.5,2500,Double Kick,Sacred Sword,Stone Edge,3,5,20,100000
Forretress (Shadow),91.1,205,bug,steel,145.4,182.3,162,4294273,50,2499,Bug Bite,Rock Tomb,Earthquake,17,22,5,75000
Tentacruel (Shadow),91,73,water,poison,141.2,185.2,168,4390693,48,2493,Acid,Scald,Blizzard,7,10,3,50000
Clefable,90.9,36,fairy,none,151.1,143.6,190,4124214,48,2497,Fairy Wind,Swift,Moonblast,4,7,1,10000
Skeledirge,90.7,911,fire,ghost,157,140.7,180,3978753,31.5,2499,Incinerate,Torch Song,Shadow Ball,3,3,3,10000
Dragalge,89.9,691,poison,dragon,150.7,184.9,147,4096701,48.5,2488,Acid,Aqua Tail,Outrage,5,8,3,50000
Drapion,89.9,452,poison,dark,152.7,177.4,151,4090824,47,2499,Poison Sting,Crunch,Aqua Tail,5,4,5,75000
Primeape (Shadow),89.9,57,fighting,none,182.4,125.8,148,3394440,48.5,2490,Karate Chop,Rage Fist,Close Combat,4,5,3,50000
Steelix (Shadow),89.5,208,steel,ground,127,237.5,162,4887002,48,2497,Thunder Fang,Psychic Fangs,Breaking Swipe,6,6,5,75000
Annihilape,89.2,979,fighting,ghost,159.7,137.6,177,3891918,28.5,2497,Counter,Rage Fist,Close Combat,6,8,3,50000
Toxtricity,88.8,849,electric,poison,181.9,122.1,154,3419294,39.5,2496,Acid,Wild Charge,Power-Up Punch,6,5,5,75000
Stunfisk,88.5,618,ground,electric,133.6,156.3,214,4468817,50,2445,Thunder Shock,Mud Bomb,Discharge,5,5,5,75000
Blastoise,88.4,9,water,none,144.4,182.1,164,4311763,46,2495,Rollout,Hydro Cannon,Ice Beam,4,5,3,10000
Cresselia,88.4,488,psychic,none,120,207.9,208,5191239,35.5,2500,Psycho Cut,Grass Knot,Moonblast,6,7,20,100000
Malamar,88.4,687,dark,psychic,152.9,150.4,177,4071612,50,2497,Psywave,Foul Play,Superpower,10,10,3,50000
Samurott,88,503,water,none,165.1,130,175,3755605,35.5,2496,Fury Cutter,Hydro Cannon,Megahorn,10,14,3,10000
Mandibuzz,87.9,630,dark,flying,121,184.9,215,4809416,50,2417,Snarl,Dark Pulse,Aerial Ace,4,4,5,75000
Drapion (Shadow),87.8,452,poison,dark,152.7,177.4,151,4090824,47,2499,Poison Sting,Aqua Tail,Crunch,4,5,5,75000
Victreebel (Shadow),87.7,71,grass,poison,174.7,122.2,167,3566381,46,2498,Acid,Leaf Blade,Sludge Bomb,5,7,3,50000
Toxicroak (Shadow),87.6,454,poison,fighting,175.8,119.9,168,3542602,44,2499,Poison Sting,Dynamic Punch,Shadow Ball,5,7,3,50000
Ninetales,87.5,38,fire,none,151.6,170.1,159,4100684,49.5,2495,Ember,Weather Ball (Fire),Overheat,5,8,3,50000
Florges,87.4,671,fairy,none,155.5,180.4,143,4011420,28.5,2500,Fairy Wind,Moonblast,Trailblaze,7,5,3,50000
Genesect (Shock),87.4,649,bug,steel,181.9,147.2,127,3398909,27,2493,Fury Cutter,X-Scissor,Techno Blast (Shock),10,14,20,100000
Talonflame,87.4,663,fire,flying,160.5,142.9,168,3851770,50,2493,Incinerate,Fly,Flame Charge,3,3,1,10000
Tapu Fini,87.4,788,water,fairy,148.1,201.8,141,4214757,36,2500,Water Gun,Surf,Nature's Madness,15,17,20,100000
Golurk (Shadow),87.3,623,ground,ghost,172.1,127.9,164,3611388,35,2496,Mud Slap,Shadow Punch,Dynamic Punch,4,5,5,75000
Virizion,87.3,640,grass,fighting,146.2,179.3,163,4272667,30.5,2500,Double Kick,Leaf Blade,Sacred Sword,3,3,20,100000
Bombirdier,87.2,962,flying,dark,165.7,148.5,153,3764149,46,2500,Sucker Punch,Fly,Rock Tomb,7,8,5,75000
Genesect (Chill),87.1,649,bug,steel,181.9,147.2,127,3398909,27,2493,Fury Cutter,X-Scissor,Techno Blast (Chill),10,14,20,100000
Gliscor,87.1,472,ground,flying,148.8,185.8,151,4176599,39.5,2494,Fury Cutter,Earthquake,Aerial Ace,17,10,5,75000
Ninetales (Shadow),86.9,38,fire,none,151.6,170.1,159,4100684,49.5,2495,Ember,Weather Ball (Fire),Overheat,5,8,3,50000
Regirock,86.9,377,rock,none,133.9,237.1,146,4634630,30,2494,Lock On,Stone Edge,Focus Blast,11,15,20,100000
Blastoise (Shadow),86.8,9,water,none,144.4,182.1,164,4311763,46,2495,Rollout,Hydro Cannon,Ice Beam,4,5,3,10000
Scizor (Shadow),86.8,212,bug,steel,178.5,142.5,137,3486560,30.5,2498,Bullet Punch,Night Slash,Trailblaze,5,7,5,75000
Machamp (Shadow),86.7,68,fighting,none,174.1,126.6,161,3549074,30,2491,Karate Chop,Cross Chop,Stone Edge,4,7,3,50000
Annihilape (Shadow),86.6,979,fighting,ghost,159.7,137.6,177,3891918,28.5,2497,Counter,Rage Fist,Close Combat,6,8,3,50000
Cradily (Shadow),86.5,346,rock,grass,140.3,175.6,180,4436127,50,2499,Acid,Rock Tomb,Grass Knot,7,7,3,50000
Electivire (Shadow),86.5,466,electric,none,185.1,130.2,139,3351363,30,2490,Thunder Shock,Wild Charge,Ice Punch,5,5,5,75000
Zapdos (Shadow),86.5,145,electric,flying,176.7,133.6,149,3517403,25.5,2494,Thunder Shock,Drill Peck,Thunderbolt,5,7,20,100000
Cresselia (Shadow),86.4,488,psychic,none,120.8,204.1,209,5152925,35.5,2497,Psycho Cut,Grass Knot,Moonblast,6,7,20,100000
Gliscor (Shadow),86.4,472,ground,flying,148.8,185.8,151,4176599,39.5,2494,Fury Cutter,Aerial Ace,Earthquake,10,17,5,75000
Swampert,86.4,260,water,ground,158.5,140.7,176,3927038,31.5,2497,Mud Shot,Hydro Cannon,Earthquake,5,9,3,10000
Nidoqueen (Shadow),86.3,31,poison,ground,151.8,152.6,178,4121450,46,2500,Poison Sting,Poison Fang,Earth Power,5,7,3,50000
Nidoqueen,86.2,31,poison,ground,151.8,152.6,178,4121450,46,2500,Poison Sting,Poison Fang,Earth Power,5,7,3,50000
Scizor,86.2,212,bug,steel,178.5,142.5,137,3486560,30.5,2498,Bullet Punch,Night Slash,Trailblaze,5,7,5,75000
Aurorus,86.1,699,rock,ice,147.1,134.8,214,4244259,36.5,2499,Powder Snow,Weather Ball (Ice),Meteor Beam,5,8,5,75000
Swampert (Shadow),86.1,260,water,ground,158.5,140.7,176,3927038,31.5,2497,Mud Shot,Hydro Cannon,Earthquake,5,9,3,10000
Regirock (Shadow),86,377,rock,none,134.2,235.1,146,4607178,29.5,2491,Lock On,Stone Edge,Focus Blast,11,15,20,100000
Togedemaru,85.8,777,electric,steel,172.3,134.4,149,3450872,50,2442,Thunder Shock,Fell Stinger,Wild Charge,4,5,3,50000
Magnezone (Shadow),85.7,462,electric,steel,174.6,154.8,132,3567891,28,2497,Volt Switch,Wild Charge,Mirror Shot,3,3,3,50000
Pangoro,85.7,675,fighting,dark,172.4,120.7,172,3580370,33,2488,Karate Chop,Close Combat,Night Slash,5,4,3,50000
Kommo-o,85.6,784,dragon,fighting,160.4,176.5,137,3879949,27.5,2497,Dragon Tail,Clanging Scales,Close Combat,5,5,5,75000
Toxicroak,85.6,454,poison,fighting,175.8,119.9,168,3542602,44,2499,Poison Sting,Dynamic Punch,Shadow Ball,5,7,3,50000
Sandslash (Alolan),85.5,28,ice,steel,150.3,174.4,158,4140235,48,2499,Shadow Claw,Ice Punch,Drill Run,5,6,3,50000
Guzzlord,85.3,799,dark,dragon,146.2,86.1,339,4265717,35,2499,Dragon Tail,Brutal Swing,Sludge Bomb,4,6,20,100000
Raikou (Shadow),85.3,243,electric,none,171.2,141,151,3645097,26.5,2500,Thunder Shock,Wild Charge,Shadow Ball,5,7,20,100000
Sandslash (Alolan) (Shadow),85.3,28,ice,steel,150.3,174.4,158,4140235,48,2499,Shadow Claw,Ice Punch,Drill Run,5,6,3,50000
Aurorus (Shadow),85.2,699,rock,ice,147.1,134.8,214,4244259,36.5,2499,Powder Snow,Weather Ball (Ice),Meteor Beam,5,8,5,75000
Genesect (Douse),85.2,649,bug,steel,181.9,147.2,127,3398909,27,2493,Fury Cutter,X-Scissor,Techno Blast (Douse),10,14,20,100000
Sandslash,85.2,28,ground,none,155.8,155.8,164,3982487,49.5,2492,Sand Attack,Scorching Sands,Rock Tomb,13,13,3,50000
Victreebel,85.2,71,grass,poison,174.7,122.2,167,3566381,46,2498,Acid,Leaf Blade,Sludge Bomb,5,7,3,50000
Zapdos,85.2,145,electric,flying,175.7,134.9,149,3531634,26,2498,Thunder Shock,Drill Peck,Thunderbolt,5,7,20,100000
Drifblim (Shadow),84.9,426,ghost,flying,154.5,96.1,272,4037602,49,2499,Hex,Shadow Ball,Icy Wind,5,4,5,75000
Poliwrath,84.9,62,water,fighting,149.3,157.3,177,4158735,42.5,2494,Counter,Icy Wind,Scald,8,9,3,50000
Bronzong,84.8,437,steel,psychic,145.4,191.6,152,4233439,50,2488,Metal Sound,Psyshock,Payback,5,8,3,50000
Gengar (Shadow),84.7,94,ghost,poison,200.3,120.9,128,3099260,34,2495,Shadow Claw,Shadow Punch,Sludge Bomb,5,7,3,50000
Golurk,84.7,623,ground,ghost,172.1,127.9,164,3611388,35,2496,Mud Slap,Shadow Punch,Dynamic Punch,4,5,5,75000
Hippowdon,84.7,450,ground,none,150.6,150.6,182,4129027,30.5,2500,Sand Attack,Weather Ball (Rock),Scorching Sands,9,13,3,50000
Skuntank (Shadow),84.7,435,poison,dark,157.5,122.3,204,3930298,49.5,2490,Poison Jab,Crunch,Trailblaze,7,7,3,50000
Dragonite (Shadow),84.5,149,dragon,flying,176,138.1,145,3524817,24,2499,Dragon Breath,Dragon Claw,Superpower,12,14,5,75000
Drifblim,84.5,426,ghost,flying,154.5,96.1,272,4037602,49,2499,Hex,Shadow Ball,Icy Wind,5,4,5,75000
Ninetales (Alolan) (Shadow),84.5,38,ice,fairy,151.5,171.4,158,4101411,47.5,2500,Powder Snow,Weather Ball (Ice),Dazzling Gleam,5,7,3,50000
Registeel (Shadow),84.5,379,steel,none,123,244.4,168,5053150,46,2494,Lock On,Focus Blast,Zap Cannon,15,16,20,100000
Hippowdon (Shadow),84.3,450,ground,none,150.6,150.6,182,4129027,30.5,2500,Sand Attack,Weather Ball (Rock),Scorching Sands,9,13,3,50000
Trevenant,84.3,709,ghost,grass,165.7,133.7,170,3763929,42,2500,Shadow Claw,Shadow Ball,Seed Bomb,7,6,5,75000
Goodra,84.2,706,dragon,none,154.6,173.7,150,4028671,26,2500,Dragon Breath,Aqua Tail,Power Whip,12,17,5,75000
Skuntank,84,435,poison,dark,157.5,122.3,204,3930298,49.5,2490,Poison Jab,Crunch,Trailblaze,7,7,3,50000
Walrein (Shadow),84,365,ice,water,146.4,148,197,4269506,38,2500,Powder Snow,Icicle Spear,Earthquake,5,9,3,50000
Oranguru,83.9,765,normal,psychic,142,170,181,4368154,47,2494,Confusion,Brutal Swing,Trailblaze,3,4,3,75000
Lickilicky,83.8,463,normal,none,136.6,159.8,209,4560814,47.5,2498,Rollout,Body Slam,Shadow Ball,3,5,3,50000
Decidueye,83.7,724,grass,ghost,165.5,148.5,153,3758157,37,2494,Astonish,Frenzy Plant,Spirit Shackle,5,4,3,10000
Spiritomb,83.7,442,ghost,dark,154.6,179.8,127,3531052,50,2343,Sucker Punch,Rock Tomb,Shadow Ball,8,8,5,75000
Amoonguss,83.6,591,grass,poison,142.9,129.4,221,4085363,50,2420,Astonish,Grass Knot,Foul Play,5,4,3,50000
Bellossom (Shadow),83.6,182,grass,none,152.1,166.4,162,4099468,50,2498,Acid,Leaf Blade,Dazzling Gleam,5,7,3,50000
Rapidash,83.6,78,fire,none,173.6,141.5,146,3587206,46.5,2499,Incinerate,Wild Charge,Flame Charge,3,3,3,50000
Sneasler (Shadow),83.6,903,fighting,poison,189,121.2,144,3299456,28.5,2497,Shadow Claw,Close Combat,Aerial Ace,6,5,5,75000
Typhlosion,83.5,157,fire,none,172.3,139,151,3617527,34,2497,Incinerate,Blast Burn,Thunder Punch,3,2,3,10000
Ho-Oh,83.4,250,fire,flying,158,167.1,148,3907144,23.5,2487,Incinerate,Brave Bird,Sacred Fire,3,4,20,100000
Machamp,83.4,68,fighting,none,174.1,126.6,161,3549074,30,2491,Karate Chop,Cross Chop,Stone Edge,4,7,3,50000
Walrein,83.4,365,ice,water,146.4,148,197,4269506,38,2500,Powder Snow,Icicle Spear,Earthquake,5,9,3,50000
Bellossom,83.3,182,grass,none,152.1,166.4,162,4099468,50,2498,Acid,Leaf Blade,Dazzling Gleam,5,7,3,50000
Cofagrigus,83.3,563,ghost,none,146.2,209.7,138,4229372,49,2492,Shadow Claw,Shadow Ball,Dark Pulse,7,7,3,50000
Giratina (Origin),83.3,487,ghost,dragon,153,134.3,197,4045432,25,2487,Shadow Claw,Shadow Ball,Dragon Pulse,7,8,20,100000
Melmetal,83.3,809,steel,none,156.5,137.6,185,3984366,25.5,2500,Thunder Shock,Double Iron Bash,Superpower,4,5,20,100000
Mew,83.3,151,psychic,none,155.5,154.8,166,3996896,27.5,2493,Shadow Claw,Psyshock,Wild Charge,5,6,20,100000
Amoonguss (Shadow),83.2,591,grass,poison,142.9,129.4,221,4085363,50,2420,Astonish,Grass Knot,Foul Play,5,4,3,50000
Clodsire,83.2,980,poison,ground,119.3,139.5,245,4077850,50,2207,Poison Sting,Stone Edge,Earthquake,7,8,3,50000
Magnezone,83.2,462,electric,steel,174.6,154.8,132,3567891,28,2497,Volt Switch,Wild Charge,Mirror Shot,3,3,3,50000
Ninetales (Alolan),83.2,38,ice,fairy,151.5,171.4,158,4101411,47.5,2500,Powder Snow,Weather Ball (Ice),Dazzling Gleam,5,7,3,50000
Typhlosion (Shadow),83.2,157,fire,none,172.3,139,151,3617527,34,2497,Incinerate,Blast Burn,Thunder Punch,3,2,3,10000
Sandslash (Shadow),83,28,ground,none,155.8,155.8,164,3982487,49.5,2492,Sand Attack,Scorching Sands,Rock Tomb,13,13,3,50000
Stunfisk (Galarian),83,618,ground,steel,133.6,156.3,214,4468817,50,2445,Mud Shot,Rock Slide,Earthquake,6,9,5,75000
Armarouge,82.9,936,fire,psychic,171.2,142.4,149,3633860,29,2499,Incinerate,Psyshock,Flame Charge,2,3,5,50000
Ferrothorn,82.9,598,grass,steel,141.2,195.1,160,4406632,48,2495,Bullet Seed,Power Whip,Flash Cannon,4,6,3,75000
Barbaracle,82.8,689,rock,water,155.9,172.5,148,3979633,39.5,2497,Fury Cutter,Cross Chop,Stone Edge,9,14,3,50000
Gourgeist (Super),82.8,711,ghost,grass,147.5,170.5,167,4197585,40.5,2490,Hex,Shadow Ball,Seed Bomb,5,4,5,75000
Meganium,82.7,154,grass,none,144.1,179.1,168,4333903,48.5,2500,Vine Whip,Frenzy Plant,Earthquake,6,9,3,10000
Venusaur,82.7,3,grass,poison,158.5,155.4,160,3939799,39,2499,Vine Whip,Frenzy Plant,Sludge Bomb,6,7,3,10000
Venusaur (Shadow),82.7,3,grass,poison,158.5,155.4,160,3939799,39,2499,Vine Whip,Frenzy Plant,Sludge Bomb,6,7,3,10000
Genesect,82.6,649,bug,steel,181.9,147.2,127,3398909,27,2493,Fury Cutter,X-Scissor,Techno Blast (Normal),10,14,20,100000
Raichu (Alolan),82.6,26,electric,psychic,178.2,139.1,141,3494900,48.5,2500,Thunder Shock,Trailblaze,Wild Charge,5,5,1,10000
Regice,82.6,378,ice,none,133.9,237.1,146,4634630,30,2494,Lock On,Thunder,Blizzard,12,15,20,100000
Turtonator,82.6,776,fire,dragon,150.4,192.4,142,4110036,50,2486,Incinerate,Dragon Pulse,Overheat,3,3,5,75000
Gourgeist (Large),82.5,711,ghost,grass,149.7,174.2,160,4171084,45.5,2500,Hex,Shadow Ball,Seed Bomb,5,4,5,75000
Meganium (Shadow),82.5,154,grass,none,144.1,179.1,168,4333903,48.5,2500,Vine Whip,Frenzy Plant,Earthquake,6,9,3,10000
Mewtwo (Armored),82.4,150,psychic,none,135,208.2,164,4608972,29.5,2499,Confusion,Psystrike,Dynamic Punch,4,4,20,100000
Aggron,82.3,306,steel,rock,150.2,199.3,138,4132999,32,2495,Metal Sound,Rock Tomb,Thunder,7,8,1,10000
Lurantis,82.3,754,grass,none,163.6,151.9,153,3802584,48,2498,Fury Cutter,Leaf Blade,Superpower,9,10,3,50000
Dachsbun,82.1,927,fairy,none,146.2,190.7,137,3820889,50,2370,Charm,Psychic Fangs,Body Slam,6,6,3,50000
Serperior,82.1,497,grass,none,144.9,182.6,162,4288468,49.5,2497,Vine Whip,Frenzy Plant,Aerial Ace,6,5,3,10000
Dragapult,82,887,dragon,ghost,185.3,125.3,145,3367125,26,2498,Astonish,Breaking Swipe,Shadow Ball,4,6,5,75000
Gourgeist (Average),82,711,ghost,grass,149.5,188.8,147,4149195,49,2497,Hex,Shadow Ball,Seed Bomb,5,4,5,75000
Greninja,82,658,water,dark,179.7,129.5,149,3466117,39,2496,Water Shuriken,Hydro Cannon,Night Slash,3,3,3,10000
Donphan (Shadow),81.9,232,ground,none,161.5,145.2,164,3845399,31.5,2495,Mud Slap,Trailblaze,Body Slam,5,4,3,50000
Ferrothorn (Shadow),81.9,598,grass,steel,141.2,195.1,160,4406632,48,2495,Bullet Seed,Power Whip,Flash Cannon,4,6,3,75000
Raikou,81.8,243,electric,none,170.1,141.6,152,3660484,27,2500,Thunder Shock,Wild Charge,Shadow Ball,5,7,20,100000
Ursaring (Shadow),81.7,217,normal,none,180.7,118.9,161,3459168,33.5,2500,Shadow Claw,Swift,Close Combat,5,6,3,50000
Roserade,81.6,407,grass,poison,183.7,148,124,3371877,32,2491,Poison Sting,Weather Ball (Fire),Leaf Storm,4,7,3,50000
Genesect (Burn),81.4,649,bug,steel,181.9,147.2,127,3398909,27,2493,Fury Cutter,X-Scissor,Magnet Bomb,10,12,20,100000
Muk (Shadow),81.4,89,poison,none,150,144.6,190,4120648,37,2492,Poison Jab,Dark Pulse,Thunder Punch,8,6,3,50000
Poliwrath (Shadow),81.4,62,water,fighting,149.3,157.3,177,4158735,42.5,2494,Counter,Icy Wind,Scald,8,9,3,50000
Gallade (Shadow),81.2,475,psychic,fighting,177,149.5,133,3519444,29.5,2500,Psycho Cut,Close Combat,Leaf Blade,5,4,5,75000
Miltank,81.2,241,normal,none,136.1,173.1,193,4547873,50,2489,Rollout,Body Slam,Ice Beam,3,5,5,75000
Crustle,81.1,558,bug,rock,154.6,172.3,150,3996885,43,2490,Fury Cutter,X-Scissor,Rock Slide,10,12,1,10000
Kyurem,81.1,646,dragon,ice,170.3,121.2,177,3654583,26,2495,Dragon Breath,Glaciate,Dragon Claw,14,12,20,100000
Lokix,81.1,920,bug,dark,173.8,131.6,156,3569405,47.5,2494,Sucker Punch,X-Scissor,Trailblaze,6,7,1,50000
Hariyama (Shadow),81,297,fighting,none,163.6,97.1,240,3812132,35.5,2497,Force Palm,Upper Hand,Heavy Slam,4,5,3,50000
Lugia,81,249,psychic,flying,132.3,213.7,166,4692350,25,2493,Dragon Tail,Aeroblast,Fly,9,5,20,100000
Donphan,80.9,232,ground,none,161.5,145.2,164,3845399,31.5,2495,Mud Slap,Trailblaze,Body Slam,5,4,3,50000
Hariyama,80.9,297,fighting,none,163.6,97.1,240,3812132,35.5,2497,Force Palm,Upper Hand,Heavy Slam,4,5,3,50000
Machoke (Shadow),80.9,67,fighting,none,161.3,117.6,172,3264574,50,2296,Karate Chop,Cross Chop,Dynamic Punch,4,5,3,50000
Palossand,80.8,770,ghost,ground,151.1,155.3,176,4129483,48,2498,Astonish,Scorching Sands,Shadow Ball,5,6,3,50000
Perrserker,80.8,863,steel,none,167.2,147.1,152,3737692,50,2500,Shadow Claw,Close Combat,Foul Play,6,5,3,50000
Crustle (Shadow),80.7,558,bug,rock,154.6,172.3,150,3996885,43,2490,Fury Cutter,X-Scissor,Rock Slide,10,12,1,10000
Flygon (Shadow),80.7,330,ground,dragon,165.7,141.9,160,3762278,40.5,2497,Dragon Tail,Dragon Claw,Scorching Sands,4,6,5,75000
Empoleon (Shadow),80.6,395,water,steel,161.2,150.7,158,3838286,33,2488,Metal Claw,Hydro Cannon,Drill Peck,6,6,3,10000
Salazzle,80.6,758,poison,fire,190.3,118.9,145,3282233,46,2500,Incinerate,Poison Fang,Dragon Pulse,2,3,3,50000
Serperior (Shadow),80.6,497,grass,none,144.9,182.6,162,4288468,49.5,2497,Vine Whip,Frenzy Plant,Aerial Ace,6,5,3,10000
Umbreon,80.6,197,dark,none,118.5,214.3,194,4925267,50,2416,Snarl,Foul Play,Last Resort,4,5,5,75000
Sneasler,80.5,903,fighting,poison,189,121.2,144,3299456,28.5,2497,Shadow Claw,Close Combat,Aerial Ace,6,5,5,75000
Muk,80.4,89,poison,none,150,144.6,190,4120648,37,2492,Poison Jab,Thunder Punch,Dark Pulse,6,8,3,50000
Chesnaught,80.3,652,grass,fighting,153.1,162.1,163,4043784,32.5,2492,Vine Whip,Frenzy Plant,Superpower,6,5,3,10000
Gengar,80.3,94,ghost,poison,200.3,120.9,128,3099260,34,2495,Shadow Claw,Shadow Punch,Sludge Bomb,5,7,3,50000
Leavanny,80.3,542,bug,grass,167.5,142.8,155,3708484,41.5,2497,Shadow Claw,Leaf Blade,X-Scissor,5,5,1,10000
Morpeko (Full Belly),80.3,877,electric,dark,173.9,114.3,139,2763076,50,2196,Thunder Shock,Aura Wheel,Psychic Fangs,5,4,3,50000
Urshifu (Single Strike),80.3,892,fighting,dark,176.5,125.6,158,3504394,24.5,2487,Sucker Punch,Payback,Dynamic Punch,9,7,20,100000
Abomasnow,80.2,460,grass,ice,152.9,143.7,185,4062901,49,2495,Powder Snow,Icy Wind,Energy Ball,6,7,3,50000
Avalugg,80.2,713,ice,none,144.8,181.1,164,4300893,28.5,2500,Ice Fang,Icy Wind,Crunch,8,8,3,50000
Dragonite,80.2,149,dragon,flying,176,138.1,145,3524817,24,2499,Dragon Breath,Dragon Claw,Superpower,12,14,5,75000
Scyther (Shadow),80.2,123,bug,flying,173.1,143.6,144,3577958,37.5,2491,Fury Cutter,Aerial Ace,Night Slash,10,9,5,75000
Gholdengo,80.1,1000,steel,ghost,175.4,138.3,146,3541192,25.5,2495,Hex,Shadow Ball,Power Gem,5,4,5,10000
Gourgeist (Small),80.1,711,ghost,grass,154.9,194,134,4027718,48.5,2498,Hex,Shadow Ball,Seed Bomb,5,4,5,75000
Relicanth,80,369,water,rock,135.7,177.2,191,4593861,44.5,2497,Water Gun,Aqua Tail,Ancient Power,12,15,5,75000
Staraptor (Shadow),79.9,398,normal,flying,182,117.3,160,3415476,35,2498,Quick Attack,Fly,Close Combat,6,6,1,10000
Incineroar,79.8,727,fire,dark,163,140,168,3833353,31.5,2500,Snarl,Darkest Lariat,Blast Burn,5,4,3,10000
Politoed (Shadow),79.8,186,water,none,147.2,158.7,181,4227183,45.5,2498,Mud Shot,Weather Ball (Water),Blizzard,5,10,3,50000
Galvantula,79.7,596,bug,electric,181.5,120.2,157,3424193,50,2494,Fury Cutter,Discharge,Lunge,10,12,3,50000
Uxie,79.7,480,psychic,none,130.8,233.1,156,4757597,45.5,2496,Confusion,Swift,Future Sight,3,6,20,100000
Whiscash,79.7,340,water,ground,139.5,131.1,215,3931334,50,2346,Mud Shot,Mud Bomb,Scald,5,7,1,10000
Articuno,79.6,144,ice,flying,144.6,184.4,161,4294013,31,2496,Ice Shard,Icy Wind,Ancient Power,5,5,20,100000
Lairon,79.6,305,steel,rock,145.4,179,142,3694731,50,2324,Metal Sound,Rock Tomb,Rock Slide,7,6,1,10000
Wailord,79.6,321,water,none,157.1,83.2,304,3973920,50,2499,Rollout,Surf,Blizzard,4,6,1,10000
Lanturn,79.5,171,water,electric,135.3,127.7,237,4095308,50,2357,Spark,Surf,Thunderbolt,7,8,3,50000
Milotic,79.5,350,water,none,145.8,174,168,4262665,32,2493,Dragon Tail,Surf,Wrap,5,5,5,75000
Overqwil,79.5,904,dark,poison,170.1,140,154,3667917,33.5,2500,Poison Jab,Aqua Tail,Dark Pulse,5,8,5,75000
Jirachi,79.3,385,steel,psychic,155.5,154.8,166,3996896,27.5,2493,Confusion,Doom Desire,Dazzling Gleam,4,5,20,100000
Thievul,79.3,828,dark,none,157.1,150.4,157,3710761,50,2415,Sucker Punch,Night Slash,Play Rough,5,9,1,10000
Enamorus (Incarnate),79.2,905,fairy,flying,196.7,121,132,3142184,26.5,2492,Fairy Wind,Fly,Dazzling Gleam,5,7,20,100000
Muk (Alolan),79.2,89,poison,dark,150,144.6,190,4120648,37,2492,Poison Jab,Dark Pulse,Acid Spray,8,7,3,50000
Pawmot,79.2,923,electric,fighting,186.6,122.8,145,3324397,39.5,2496,Thunder Shock,Brick Break,Wild Charge,5,5,3,75000
Abomasnow (Shadow),79.1,460,grass,ice,152.9,143.7,185,4062901,49,2495,Powder Snow,Icy Wind,Energy Ball,6,7,3,50000
Gyarados,79.1,130,water,flying,167.3,139.5,158,3687813,27,2485,Dragon Breath,Aqua Tail,Crunch,12,15,1,10000
Pinsir (Shadow),79.1,127,bug,none,180.8,145.2,131,3437971,31.5,2500,Fury Cutter,Close Combat,X-Scissor,12,10,5,75000
Raichu,79.1,26,electric,none,174.8,139.5,142,3462012,50,2467,Thunder Shock,Brick Break,Wild Charge,5,5,1,10000
Flygon,79,330,ground,dragon,165.7,141.9,160,3762278,40.5,2497,Dragon Tail,Dragon Claw,Scorching Sands,4,6,5,75000
Gyarados (Shadow),79,130,water,flying,167.3,139.5,158,3687813,27,2485,Dragon Breath,Aqua Tail,Crunch,12,15,1,10000
Tapu Lele,79,786,psychic,fairy,179.8,150.5,127,3437989,26,2490,Astonish,Nature's Madness,Psyshock,5,4,20,100000
Tauros (Aqua),79,128,fighting,water,164.4,155.2,149,3800668,35.5,2500,Double Kick,Aqua Jet,Trailblaze,4,4,3,50000
Whiscash (Shadow),79,340,water,ground,139.5,131.1,215,3931334,50,2346,Mud Shot,Mud Bomb,Scald,5,7,1,10000
Ampharos,78.9,181,electric,none,164.4,140.7,164,3791746,35.5,2499,Volt Switch,Brutal Swing,Trailblaze,3,3,5,75000
Empoleon,78.9,395,water,steel,161.2,150.7,158,3838286,33,2488,Metal Claw,Hydro Cannon,Drill Peck,6,6,3,10000
Gogoat,78.9,673,grass,none,154.8,121.7,214,4032586,36.5,2499,Vine Whip,Leaf Blade,Brick Break,5,5,3,50000
Politoed,78.9,186,water,none,147.2,158.7,181,4227183,45.5,2498,Mud Shot,Surf,Blizzard,6,10,3,50000
Suicune,78.9,245,water,none,136.9,185.2,178,4511669,32,2488,Ice Fang,Ice Beam,Scald,10,9,20,100000
Charizard,78.8,6,fire,flying,172.3,139,151,3617527,34,2497,Ember,Blast Burn,Dragon Claw,8,5,3,10000
Dhelmise,78.8,781,ghost,grass,177.7,144.9,136,3501905,32.5,2500,Shadow Claw,Shadow Ball,Power Whip,7,7,5,50000
Gallade,78.8,475,psychic,fighting,177,149.5,133,3519444,29.5,2500,Psycho Cut,Close Combat,Leaf Blade,5,4,5,75000
Regice (Shadow),78.8,378,ice,none,134.2,235.1,146,4607178,29.5,2491,Lock On,Thunder,Blizzard,12,15,20,100000
Slowking (Galarian),78.8,199,poison,psychic,151.7,151.7,178,4094527,38.5,2493,Acid,Surf,Shadow Ball,6,7,3,50000
Slurpuff,78.8,685,fairy,none,153.8,149.6,174,4002111,50,2486,Fairy Wind,Flamethrower,Play Rough,7,7,3,50000
Hawlucha,78.7,701,fighting,flying,164.2,138.7,165,3757249,47,2490,Poison Jab,Flying Press,Aerial Ace,6,6,5,75000
Kingambit,78.7,983,dark,steel,163.9,143.7,161,3792112,25.5,2494,Metal Sound,Foul Play,Focus Blast,5,10,5,75000
Lucario,78.7,448,fighting,steel,186.9,123.1,144,3313071,38,2496,Force Palm,Thunder Punch,Shadow Ball,4,6,5,75000
Sylveon,78.7,700,fairy,none,152.1,161.6,166,4081029,30.5,2497,Charm,Moonblast,Psyshock,10,7,5,75000
Tauros (Combat),78.7,128,fighting,none,164.4,155.2,149,3800668,35.5,2500,Double Kick,Close Combat,Trailblaze,4,4,3,50000
Wailord (Shadow),78.7,321,water,none,157.1,83.2,304,3973920,50,2499,Rollout,Scald,Blizzard,4,6,1,10000
Aggron (Shadow),78.6,306,steel,rock,150.2,199.3,138,4132999,32,2495,Metal Sound,Rock Tomb,Thunder,7,8,1,10000
Lunatone,78.6,337,rock,psychic,157.2,138.2,182,3953726,46.5,2497,Psywave,Rock Slide,Moonblast,12,15,3,50000
Zygarde (50% Forme),78.6,718,dragon,ground,146.5,166.4,173,4217160,26.5,2487,Dragon Tail,Crunch,Earthquake,5,8,20,100000
Centiskorch,78.5,851,fire,bug,166.8,127.1,176,3731240,30.5,2497,Ember,Lunge,Crunch,7,7,5,75000
Charizard (Shadow),78.5,6,fire,flying,172.3,139,151,3617527,34,2497,Ember,Blast Burn,Dragon Claw,8,5,3,10000
Machoke,78.5,67,fighting,none,161.3,117.6,172,3264574,50,2296,Karate Chop,Cross Chop,Dynamic Punch,4,5,3,50000
Primarina,78.5,730,water,fairy,169.8,149.6,144,3658286,29,2497,Charm,Disarming Voice,Hydro Cannon,8,7,3,10000
Escavalier,78.4,589,bug,steel,172.3,151.1,139,3619610,34,2497,Bug Bite,Razor Shell,Drill Run,12,15,3,50000
Galvantula (Shadow),78.4,596,bug,electric,181.5,120.2,157,3424193,50,2494,Fury Cutter,Discharge,Cross Poison,10,9,3,50000
Escavalier (Shadow),78.3,589,bug,steel,172.3,151.1,139,3619610,34,2497,Bug Bite,Drill Run,Razor Shell,15,12,3,50000
Lugia (Shadow),78.3,249,psychic,flying,132.9,212.9,165,4669032,24.5,2493,Dragon Tail,Fly,Aeroblast,5,9,20,100000
Marshadow,78.3,802,fighting,ghost,180.6,133.5,142,3424219,24,2487,Sucker Punch,Close Combat,Ice Punch,7,6,20,100000
Samurott (Hisuian),78.3,503,water,dark,171.1,128.2,166,3640573,36,2499,Fury Cutter,Icy Wind,Dark Pulse,12,13,3,10000
Scrafty,78.3,560,dark,fighting,146.2,196.3,148,4246710,49,2497,Counter,Foul Play,Thunder Punch,7,7,3,50000
Durant,78.2,632,bug,steel,174.5,158.1,129,3559047,38,2494,Bug Bite,X-Scissor,Stone Edge,14,19,3,50000
Electrode (Hisuian),78.2,101,electric,grass,160.5,160.5,142,3657833,50,2430,Thunder Shock,Wild Charge,Swift,5,4,3,50000
Grafaiai,78.2,945,poison,normal,176.2,136.2,146,3503547,49,2486,Mud Slap,Poison Fang,Sludge Bomb,4,5,3,50000
Heatran,78.2,485,fire,steel,168.6,150.1,145,3669653,24.5,2491,Fire Spin,Magma Storm,Stone Edge,4,6,20,100000
Starmie,78.2,121,water,psychic,171,158.3,134,3626255,41,2493,Psywave,Surf,Ice Beam,12,14,3,50000
Pidgeot,78.1,18,normal,flying,152.1,142,176,3801427,50,2407,Gust,Air Cutter,Brave Bird,3,5,1,10000
Rhyperior (Shadow),78.1,464,ground,rock,163.6,136.9,170,3809219,25,2499,Mud Slap,Rock Wrecker,Breaking Swipe,5,4,3,50000
Ampharos (Shadow),78,181,electric,none,164.4,140.7,164,3791746,35.5,2499,Volt Switch,Brutal Swing,Trailblaze,3,3,5,75000
Magmortar (Shadow),78,467,fire,none,182.1,132.8,141,3409646,29.5,2496,Karate Chop,Fire Punch,Thunderbolt,5,7,5,75000
Meloetta (Aria),78,648,normal,psychic,164.7,150.2,151,3735910,22.5,2484,Quick Attack,Psyshock,Dazzling Gleam,5,7,20,100000
Swalot,78,317,poison,none,130.2,146.2,201,3827769,50,2236,Mud Shot,Sludge,Ice Beam,5,7,1,10000
Zamazenta (Crowned Shield),78,889,fighting,steel,159.1,192.4,127,3887864,22,2489,Ice Fang,Close Combat,Behemoth Bash,8,8,20,100000
Ho-Oh (Shadow),77.8,250,fire,flying,160.6,167.1,145,3890698,23.5,2500,Incinerate,Brave Bird,Sacred Fire,3,4,20,100000
Heatran (Shadow),77.7,485,fire,steel,170.2,147.2,146,3657991,24,2499,Fire Spin,Magma Storm,Stone Edge,4,6,20,100000
Ursaring,77.7,217,normal,none,180.7,118.9,161,3459168,33.5,2500,Shadow Claw,Swift,Close Combat,5,6,3,50000
Heliolisk,77.6,695,electric,normal,179,141.3,138,3490724,42.5,2500,Volt Switch,Breaking Swipe,Parabolic Charge,3,3,3,50000
Magneton (Shadow),77.6,82,electric,steel,185.3,149.6,121,3353587,44.5,2494,Volt Switch,Discharge,Magnet Bomb,3,3,3,50000
Sirfetch'd,77.6,865,fighting,none,187.4,139.4,127,3318491,31,2499,Fury Cutter,Leaf Blade,Close Combat,9,12,3,50000
Drampa,77.5,780,normal,dragon,177.7,132.7,149,3513611,33,2500,Dragon Breath,Swift,Fly,12,15,5,75000
Electivire,77.5,466,electric,none,185.1,130.2,139,3351363,30,2490,Thunder Shock,Wild Charge,Thunder Punch,5,5,5,75000
Muk (Alolan) (Shadow),77.5,89,poison,dark,150,144.6,190,4120648,37,2492,Poison Jab,Dark Pulse,Acid Spray,8,7,3,50000
Solgaleo,77.5,791,psychic,steel,166,129.3,175,3755496,22.5,2500,Fire Spin,Psychic Fangs,Iron Head,4,5,20,100000
Golem (Alolan) (Shadow),77.4,76,rock,electric,162.1,155.3,153,3851246,32.5,2498,Rollout,Wild Charge,Rock Blast,4,4,1,10000
Magmar (Shadow),77.4,126,fire,none,174.4,139.5,146,3551007,48,2489,Karate Chop,Fire Punch,Scorching Sands,5,6,5,75000
Yveltal,77.3,717,dark,flying,169,129.5,169,3699520,23.5,2500,Sucker Punch,Dark Pulse,Oblivion Wing,8,8,20,100000
Cetitan,77.2,975,ice,none,155.1,100.2,258,4011827,30,2496,Powder Snow,Avalanche,Body Slam,6,5,3,50000
Electabuzz (Shadow),77.2,125,electric,none,173.6,142.3,145,3583349,46.5,2499,Thunder Shock,Thunder Punch,Thunderbolt,5,7,5,75000
Oinkologne (Female),77.2,916,normal,none,142.3,143.9,214,4383025,45.5,2498,Tackle,Body Slam,Trailblaze,12,15,1,10000
Claydol,77.1,344,ground,psychic,130.2,205,142,3792090,50,2229,Mud Slap,Ice Beam,Rock Tomb,6,5,3,50000
Rhyperior,77.1,464,ground,rock,163.6,136.9,170,3809219,25,2499,Mud Slap,Breaking Swipe,Rock Wrecker,4,5,3,50000
Rotom (Heat),77.1,479,electric,fire,167.5,183.5,121,3719845,41.5,2499,Thunder Shock,Thunderbolt,Overheat,7,7,5,75000
Slowbro (Galarian),77.1,80,poison,psychic,153.4,140.3,188,4045209,46,2495,Poison Jab,Brutal Swing,Surf,5,7,3,50000
Bewear,77,760,normal,fighting,168.3,111.7,197,3705444,29.5,2499,Shadow Claw,Superpower,Payback,5,8,1,10000
Ceruledge,76.9,937,fire,ghost,176.3,142.4,141,3539893,29,2497,Incinerate,Shadow Ball,Flame Charge,3,3,5,50000
Mantine,76.9,226,water,flying,137,202.5,149,4132945,50,2383,Wing Attack,Aerial Ace,Ice Beam,6,8,5,75000
Togekiss,76.9,468,fairy,flying,161.9,160.5,148,3844321,28,2498,Charm,Psyshock,Aura Sphere,7,10,3,50000
Lairon (Shadow),76.8,305,steel,rock,145.4,179,142,3694731,50,2324,Metal Sound,Rock Tomb,Rock Slide,7,6,1,10000
Rapidash (Galarian),76.8,78,psychic,fairy,173.6,141.5,146,3587206,46.5,2499,Fairy Wind,Body Slam,Wild Charge,4,5,3,50000
Vespiquen,76.8,416,bug,flying,137.8,172.3,157,3727058,50,2267,Fury Cutter,X-Scissor,Power Gem,10,13,3,50000
Hitmontop,76.7,237,fighting,none,158,186.5,127,3742685,50,2438,Counter,Close Combat,Triple Axel,8,8,5,75000
Kleavor,76.7,900,bug,rock,186.3,134.5,133,3333748,29,2499,Fury Cutter,X-Scissor,Stone Edge,10,14,5,75000
Quagsire (Shadow),76.7,195,water,ground,140.3,132.8,194,3614465,50,2252,Mud Shot,Aqua Tail,Stone Edge,5,7,3,50000
Aromatisse,76.6,683,fairy,none,153.4,135.3,196,4069369,46,2498,Charm,Moonblast,Thunderbolt,10,10,3,50000
Solrock,76.6,338,rock,psychic,157.2,138.2,182,3953726,46.5,2497,Psywave,Rock Slide,Psychic,12,14,3,50000
Hydreigon,76.5,635,dark,dragon,176.1,132.2,152,3538421,25.5,2499,Dragon Breath,Brutal Swing,Flash Cannon,12,24,5,75000
Tapu Bulu,76.5,787,grass,fairy,175.6,158.3,127,3529863,27,2496,Bullet Seed,Grass Knot,Nature's Madness,4,4,20,100000
Palkia (Shadow),76.4,484,water,dragon,181.2,145.1,129,3392259,22.5,2481,Dragon Breath,Aqua Tail,Draco Meteor,12,22,20,100000
Qwilfish (Hisuian),76.4,211,dark,poison,167.2,139.5,149,3475491,50,2415,Poison Jab,Aqua Tail,Dark Pulse,5,8,3,50000
Scolipede (Shadow),76.4,545,bug,poison,170.6,155.9,137,3643199,46,2500,Poison Sting,X-Scissor,Sludge Bomb,5,6,1,10000
Vaporeon,76.4,134,water,none,153.1,127.7,208,4066528,29.5,2500,Water Gun,Aqua Tail,Last Resort,12,19,5,75000
Deoxys (Defense),76.3,386,psychic,none,130.2,288.2,126,4730043,50,2490,Counter,Psycho Boost,Rock Slide,6,8,20,100000
Kangaskhan,76.2,115,normal,none,149,141.7,198,4180854,43,2496,Mud Slap,Power-Up Punch,Outrage,4,6,3,50000
Pinsir,76.2,127,bug,none,180.8,145.2,131,3437971,31.5,2500,Fury Cutter,Close Combat,X-Scissor,12,10,5,75000
Rhydon (Shadow),76.2,112,ground,rock,163.3,132.4,176,3804487,29,2494,Mud Slap,Breaking Swipe,Stone Edge,4,6,3,50000
Volcanion,76.2,721,fire,water,174.7,151.2,134,3539663,24,2488,Incinerate,Sludge Bomb,Overheat,3,3,20,100000
Excadrill,76.1,530,ground,steel,183.8,101.1,181,3362672,28,2490,Mud Slap,Drill Run,Rock Slide,5,5,3,50000
Hitmonchan (Shadow),76.1,107,fighting,none,169.2,173.3,125,3665277,47,2494,Bullet Punch,Close Combat,Ice Punch,7,6,5,75000
Houndstone,76.1,972,ghost,none,154.9,170.4,152,4012161,45,2496,Lick,Psychic Fangs,Shadow Ball,12,19,3,50000
Magmar,76.1,126,fire,none,174.4,139.5,146,3551007,48,2489,Karate Chop,Fire Punch,Scorching Sands,5,6,5,75000
Scyther,76.1,123,bug,flying,173.1,143.6,144,3577958,37.5,2491,Fury Cutter,Aerial Ace,Night Slash,10,9,5,75000
Victini,76.1,494,psychic,fire,155.5,154.8,166,3996896,27.5,2493,Quick Attack,V-Create,Psychic,5,7,20,100000
Baxcalibur,76,998,dragon,ice,175.4,123.4,163,3529242,25.5,2495,Dragon Breath,Avalanche,Dragon Claw,15,12,5,75000
Piloswine (Shadow),76,221,ice,ground,159.8,124.2,197,3908135,47.5,2498,Powder Snow,Avalanche,Icicle Spear,6,5,3,50000
Landorus (Therian),75.9,645,ground,flying,189.7,125,138,3272594,23.5,2497,Mud Shot,Sandsear Storm,Stone Edge,6,7,20,100000
Magneton,75.9,82,electric,steel,185.3,149.6,121,3353587,44.5,2494,Volt Switch,Discharge,Magnet Bomb,3,3,3,50000
Pyroar,75.9,668,fire,normal,173.3,125.6,164,3568870,36.5,2493,Incinerate,Flame Charge,Dark Pulse,3,3,3,10000
Skarmory (Shadow),75.9,227,steel,flying,137,202.5,149,4132945,50,2383,Steel Wing,Brave Bird,Sky Attack,10,10,5,75000
Weezing (Shadow),75.9,110,poison,none,154.9,175.7,147,4001272,48.5,2493,Rollout,Sludge Bomb,Shadow Ball,4,5,3,50000
Froslass,75.8,478,ice,ghost,156.3,138.6,157,3402243,50,2306,Hex,Avalanche,Shadow Ball,4,5,3,50000
Granbull (Shadow),75.8,210,fairy,none,173.7,116.8,176,3571337,42,2490,Charm,Close Combat,Crunch,8,8,3,50000
Kingdra,75.8,230,water,dragon,156.5,165.2,153,3954457,40,2490,Dragon Breath,Outrage,Octazooka,20,17,3,50000
Piloswine,75.8,221,ice,ground,159.8,124.2,197,3908135,47.5,2498,Powder Snow,Avalanche,Icicle Spear,6,5,3,50000
Weezing,75.8,110,poison,none,153.8,177.3,148,4035190,50,2497,Rollout,Sludge Bomb,Shadow Ball,4,5,3,50000
Arctibax,75.7,997,dragon,ice,158,120.2,186,3530820,50,2365,Dragon Breath,Avalanche,Dragon Claw,15,12,5,75000
Froslass (Shadow),75.7,478,ice,ghost,156.3,138.6,157,3402243,50,2306,Hex,Avalanche,Shadow Ball,4,5,3,50000
Zekrom,75.7,644,dragon,electric,178.7,140.3,139,3485851,23,2496,Dragon Breath,Crunch,Wild Charge,15,15,20,100000
Druddigon,75.6,621,dragon,none,169,144.1,151,3677971,38,2500,Dragon Tail,Dragon Claw,Night Slash,4,4,5,75000
Pelipper,75.6,279,water,flying,159.7,158.8,142,3600580,50,2404,Wing Attack,Weather Ball (Water),Hurricane,5,10,3,50000
Avalugg (Hisuian),75.5,713,ice,rock,152,173.3,156,4108624,26.5,2499,Powder Snow,Rock Slide,Icy Wind,6,6,3,50000
Palkia,75.5,484,water,dragon,181.9,147.4,127,3404831,23,2493,Dragon Breath,Aqua Tail,Draco Meteor,12,22,20,100000
Qwilfish,75.5,211,water,poison,167.2,128.6,149,3203314,50,2318,Poison Sting,Aqua Tail,Ice Beam,4,7,3,50000
Palkia (Origin),75.4,484,water,dragon,182.3,146.6,127,3395063,22,2496,Dragon Breath,Aqua Tail,Draco Meteor,12,22,20,100000
Typhlosion (Hisuian),75.4,157,fire,ghost,180,136.3,141,3459619,31.5,2499,Hex,Fire Punch,Shadow Ball,4,5,3,10000
Buzzwole,75.3,794,bug,fighting,166.4,142.4,158,3743017,26.5,2497,Counter,Superpower,Lunge,7,8,20,100000
Golem (Alolan),75.3,76,rock,electric,162.1,155.3,153,3851246,32.5,2498,Rollout,Rock Blast,Wild Charge,4,4,1,10000
Golem (Shadow),75.3,76,rock,ground,162.1,155.3,153,3851246,32.5,2498,Mud Slap,Stone Edge,Rock Blast,6,4,1,10000
Whimsicott,75.3,547,grass,fairy,150.4,160.5,142,3428021,50,2277,Fairy Wind,Moonblast,Grass Knot,7,6,1,10000
Chimecho,75.2,358,psychic,none,157.1,155.5,162,3957283,50,2495,Astonish,Psyshock,Shadow Ball,4,6,5,75000
Greedent,75.2,820,normal,none,138.6,142.9,227,4496012,50,2500,Mud Shot,Body Slam,Crunch,5,6,1,10000
Rhydon,75.2,112,ground,rock,163.3,132.4,176,3804487,29,2494,Mud Slap,Breaking Swipe,Stone Edge,4,6,3,50000
Thundurus (Incarnate),75.2,642,electric,flying,189.8,123.3,140,3277023,27.5,2495,Thunder Shock,Crunch,Thunder,5,7,20,100000
Articuno (Galarian),75.1,144,psychic,flying,172,141.7,148,3606538,25.5,2494,Psycho Cut,Fly,Brave Bird,5,7,20,100000
Conkeldurr,75.1,534,fighting,none,174.4,119.1,172,3573108,27.5,2498,Counter,Dynamic Punch,Brutal Swing,8,6,5,75000
Sceptile,75.1,254,grass,none,175.5,140.7,143,3531846,37,2490,Fury Cutter,Frenzy Plant,Breaking Swipe,12,9,3,10000
Seismitoad,75.1,537,water,ground,154.5,132,197,4018029,42,2495,Mud Shot,Earth Power,Sludge Bomb,7,7,3,50000
Quagsire,75,195,water,ground,140.3,132.8,194,3614465,50,2252,Mud Shot,Aqua Tail,Stone Edge,5,7,3,50000
Sceptile (Shadow),75,254,grass,none,175.5,140.7,143,3531846,37,2490,Fury Cutter,Frenzy Plant,Breaking Swipe,12,9,3,10000
Altaria,74.9,334,dragon,flying,131.1,181.5,164,3902033,50,2266,Dragon Breath,Sky Attack,Moonblast,19,20,1,10000
Seaking,74.9,119,water,none,159.7,136.1,172,3738228,50,2444,Poison Jab,Drill Run,Icy Wind,7,7,3,50000
Suicune (Shadow),74.9,245,water,none,138.7,183,177,4491839,31,2496,Ice Fang,Scald,Ice Beam,9,10,20,100000
Urshifu (Rapid Strike),74.9,892,fighting,water,176.5,125.6,158,3504394,24.5,2487,Counter,Aqua Jet,Dynamic Punch,7,8,20,100000
Glalie (Shadow),74.8,362,ice,none,148.7,148.7,172,3804904,50,2380,Rollout,Avalanche,Shadow Ball,4,5,3,50000
Hitmonchan,74.8,107,fighting,none,169.2,173.3,125,3665277,47,2494,Bullet Punch,Close Combat,Ice Punch,7,6,5,75000
Pidgeot (Shadow),74.8,18,normal,flying,152.1,142,176,3801427,50,2407,Gust,Brave Bird,Air Cutter,5,3,1,10000
Rotom (Wash),74.8,479,electric,water,167.5,183.5,121,3719845,41.5,2499,Thunder Shock,Thunderbolt,Hydro Pump,7,9,5,75000
Scolipede,74.8,545,bug,poison,170.6,155.9,137,3643199,46,2500,Poison Sting,X-Scissor,Sludge Bomb,5,6,1,10000
Salamence,74.7,373,dragon,flying,186.5,117.7,152,3335828,24.5,2500,Dragon Tail,Fly,Outrage,5,7,5,75000
Dubwool,74.6,832,normal,none,146.2,179,160,4187141,50,2478,Double Kick,Body Slam,Payback,3,5,3,10000
Granbull,74.6,210,fairy,none,173.7,116.8,176,3571337,42,2490,Charm,Close Combat,Crunch,8,8,3,50000
Snorlax,74.5,143,normal,none,139.1,131.2,244,4452740,28.5,2491,Lick,Body Slam,Earthquake,12,22,5,75000
Klefki,74.4,707,steel,fairy,147.1,163,137,3284196,50,2204,Astonish,Foul Play,Play Rough,4,6,3,50000
Bruxish,74.3,779,water,psychic,176.9,131.6,151,3516640,46.5,2497,Confusion,Aqua Tail,Psychic Fangs,3,3,3,50000
Fraxure,74.3,611,dragon,none,190.2,115.6,149,3276241,49.5,2497,Dragon Tail,Dragon Claw,Aqua Tail,4,4,5,75000
Eelektross,74.2,604,electric,none,172.8,127.4,164,3610805,38.5,2499,Volt Switch,Dragon Claw,Thunderbolt,3,4,1,10000
Glalie,74.2,362,ice,none,148.7,148.7,172,3804904,50,2380,Rollout,Avalanche,Shadow Ball,4,5,3,50000
Nidoking,74.2,34,poison,ground,166.5,136.1,164,3714170,42,2486,Fury Cutter,Sand Tomb,Earth Power,10,14,3,50000
Vikavolt,74.2,738,bug,electric,187.2,122.6,144,3305478,29.5,2490,Volt Switch,X-Scissor,Fly,3,3,1,10000
Nidoking (Shadow),74.1,34,poison,ground,166.5,136.1,164,3714170,42,2486,Fury Cutter,Sand Tomb,Earth Power,10,14,3,50000
Staraptor,74.1,398,normal,flying,182,117.3,160,3415476,35,2498,Quick Attack,Fly,Close Combat,6,6,1,10000
Dedenne,73.9,702,electric,fairy,150.4,125.2,152,2862540,50,2081,Thunder Shock,Parabolic Charge,Discharge,5,5,3,50000
Excadrill (Shadow),73.9,530,ground,steel,183.8,101.1,181,3362672,28,2490,Mud Slap,Drill Run,Rock Slide,5,5,3,50000
Lunala,73.9,792,psychic,ghost,166,129.3,175,3755496,22.5,2500,Shadow Claw,Shadow Ball,Moonblast,7,8,20,100000
Blaziken (Shadow),73.8,257,fire,fighting,184.4,117.9,154,3347475,34,2485,Fire Spin,Blaze Kick,Blast Burn,4,5,3,10000
Celesteela,73.8,797,steel,flying,155,157.2,165,4022062,30.5,2499,Air Slash,Body Slam,Bulldoze,4,5,20,100000
Electabuzz,73.8,125,electric,none,170.9,143.3,149,3648356,49.5,2498,Thunder Shock,Thunder Punch,Return,5,8,5,75000
Golem,73.8,76,rock,ground,162.1,155.3,153,3851246,32.5,2498,Mud Slap,Stone Edge,Rock Blast,6,4,1,10000
Heracross,73.8,214,bug,fighting,174.1,138.6,148,3571673,29.5,2500,Counter,Upper Hand,Megahorn,7,10,3,50000
Conkeldurr (Shadow),73.7,534,fighting,none,174.4,119.1,172,3573108,27.5,2498,Counter,Dynamic Punch,Brutal Swing,8,6,5,75000
Gigalith,73.7,526,rock,none,164.7,153.3,149,3763758,28.5,2496,Mud Slap,Superpower,Meteor Beam,4,6,3,50000
Obstagoon,73.7,862,dark,normal,146.7,164.9,176,4256762,40.5,2498,Counter,Night Slash,Cross Chop,6,6,3,10000
Obstagoon (Shadow),73.7,862,dark,normal,146.7,164.9,176,4256762,40.5,2498,Counter,Cross Chop,Night Slash,6,6,3,10000
Torkoal,73.7,324,fire,none,139.5,183.2,157,4011742,50,2366,Ember,Overheat,Earthquake,8,10,3,50000
Ludicolo,73.6,272,water,grass,153.1,156.5,169,4049254,47.5,2495,Bubble,Scald,Leaf Storm,5,5,3,50000
Vileplume,73.6,45,grass,poison,165.4,146.1,155,3745323,42.5,2494,Acid,Sludge Bomb,Moonblast,7,8,3,50000
Articuno (Shadow),73.5,144,ice,flying,145.5,182.2,161,4267871,30.5,2496,Ice Shard,Icy Wind,Ancient Power,5,5,20,100000
Mienshao,73.5,620,fighting,none,203.4,109.4,137,3047401,36.5,2490,Force Palm,Brutal Swing,Brick Break,4,4,3,50000
Sneasel (Hisuian),73.5,215,fighting,poison,171.4,135.3,135,3130823,50,2319,Poison Jab,Close Combat,Aerial Ace,7,6,3,50000
Snorlax (Shadow),73.5,143,normal,none,139.1,131.2,244,4452740,28.5,2491,Lick,Body Slam,Earthquake,12,22,5,75000
Zangoose,73.5,335,normal,none,187.3,112.2,158,3322351,47,2498,Shadow Claw,Close Combat,Night Slash,6,5,3,50000
Cacturne (Shadow),73.4,332,grass,dark,193.9,107.3,154,3204466,47,2495,Sucker Punch,Dynamic Punch,Trailblaze,7,7,3,50000
Dewgong,73.4,87,water,ice,129.4,161.3,186,3883324,50,2245,Ice Shard,Icy Wind,Drill Run,5,5,3,50000
Golduck,73.4,55,water,none,161.4,142.4,168,3861243,47.5,2496,Water Gun,Cross Chop,Liquidation,12,15,3,50000
Metagross,73.4,376,steel,psychic,172.1,156.4,134,3607384,24,2493,Bullet Punch,Meteor Mash,Earthquake,8,10,5,75000
Regieleki,73.4,894,electric,none,194.9,104.4,157,3193836,36,2497,Volt Switch,Thunder Cage,Hyper Beam,3,5,20,100000
Salamence (Shadow),73.4,373,dragon,flying,186.5,117.7,152,3335828,24.5,2500,Dragon Tail,Fly,Outrage,5,7,5,75000
Zapdos (Galarian),73.4,145,fighting,flying,174.4,136.9,149,3557352,26,2492,Counter,Fly,Brave Bird,8,10,20,100000
Cacturne,73.3,332,grass,dark,193.9,107.3,154,3204466,47,2495,Sucker Punch,Dynamic Punch,Trailblaze,7,7,3,50000
Mr. Mime,73.3,122,psychic,fairy,173.4,184.3,112,3580104,49.5,2494,Psywave,Shadow Ball,Psychic,14,14,5,75000
Armaldo (Shadow),73.2,348,rock,bug,172.2,143.4,146,3604964,34.5,2495,Fury Cutter,Rock Blast,Liquidation,10,12,3,50000
Venomoth (Shadow),73.2,49,bug,poison,163,132.8,157,3398030,50,2354,Psywave,Poison Fang,Silver Wind,10,12,3,50000
Dialga (Origin),73.1,483,steel,dragon,174.3,149.5,137,3569957,22.5,2498,Dragon Breath,Roar of Time,Iron Head,22,17,20,100000
Passimian,73.1,766,fighting,none,166.7,127.6,175,3724208,31,2496,Counter,Close Combat,Brick Break,8,7,3,75000
Venomoth,73.1,49,bug,poison,163,132.8,157,3398030,50,2354,Psywave,Poison Fang,Silver Wind,10,12,3,50000
Blaziken,73,257,fire,fighting,184.4,117.9,154,3347475,34,2485,Fire Spin,Blaze Kick,Blast Burn,4,5,3,10000
Golduck (Shadow),73,55,water,none,161.4,142.4,168,3861243,47.5,2496,Water Gun,Cross Chop,Liquidation,12,15,3,50000
Mamoswine (Shadow),73,473,ice,ground,177.2,111.4,178,3514043,27.5,2500,Powder Snow,Icicle Spear,High Horsepower,5,8,3,50000
Reshiram,73,643,dragon,fire,178.7,140.3,139,3485851,23,2496,Dragon Breath,Crunch,Overheat,15,19,20,100000
Dialga,72.9,483,steel,dragon,178.7,140.3,139,3485851,23,2496,Dragon Breath,Iron Head,Thunder,17,20,20,100000
Entei,72.8,244,fire,none,164.4,127.9,179,3763075,26.5,2490,Fire Spin,Scorching Sands,Flame Charge,5,5,20,100000
Hypno,72.8,97,psychic,none,133.6,174.8,178,4156705,50,2363,Confusion,Fire Punch,Shadow Ball,4,5,3,50000
Mamoswine,72.8,473,ice,ground,177.2,111.4,178,3514043,27.5,2500,Powder Snow,Icicle Spear,High Horsepower,5,8,3,50000
Wigglytuff,72.8,40,normal,fairy,143.7,88.2,260,3296306,50,2178,Charm,Disarming Voice,Icy Wind,8,8,1,10000
Falinks,72.7,870,fighting,none,166.2,154.5,146,3750271,49,2498,Counter,Superpower,Megahorn,7,10,5,75000
Mewtwo (Shadow),72.7,150,psychic,none,191.4,122,139,3246293,21.5,2495,Psycho Cut,Psystrike,Shadow Ball,5,7,20,100000
Vileplume (Shadow),72.6,45,grass,poison,165.4,146.1,155,3745323,42.5,2494,Acid,Sludge Bomb,Moonblast,7,8,3,50000
Furfrou,72.5,676,normal,none,150.4,152.9,164,3772567,50,2387,Sucker Punch,Surf,Grass Knot,7,8,5,75000
Appletun,72.4,842,grass,dragon,150.1,131.2,210,4137479,46,2497,Astonish,Outrage,Seed Bomb,6,5,5,75000
Hitmonlee (Shadow),72.4,106,fighting,none,182.7,156.4,119,3399624,41.5,2499,Double Kick,Close Combat,Blaze Kick,4,4,5,75000
Stoutland,72.4,508,normal,none,161.3,150.6,159,3862646,35.5,2496,Sand Attack,Wild Charge,Crunch,12,12,1,10000
Xerneas,72.4,716,fairy,none,169,129.5,169,3699520,23.5,2500,Geomancy,Close Combat,Moonblast,4,5,20,100000
Hitmontop (Shadow),72.3,237,fighting,none,158,186.5,127,3742685,50,2438,Counter,Close Combat,Triple Axel,8,8,5,75000
Luxray,72.3,405,electric,none,179.1,126.2,154,3480709,34,2498,Snarl,Wild Charge,Psychic Fangs,4,3,5,75000
Magmortar,72.3,467,fire,none,182.1,132.8,141,3409646,29.5,2496,Karate Chop,Fire Punch,Thunderbolt,5,7,5,75000
Sneasel (Hisuian) (Shadow),72.3,215,fighting,poison,171.4,135.3,135,3130823,50,2319,Poison Jab,Close Combat,Aerial Ace,7,6,3,50000
Zacian (Hero),72.3,888,fairy,none,168.4,162.5,134,3667246,23.5,2485,Snarl,Wild Charge,Close Combat,4,4,20,100000
Banette,72.1,354,ghost,none,189.9,118.5,146,3285104,50,2499,Shadow Claw,Shadow Ball,Dazzling Gleam,7,7,3,50000
Camerupt,72,323,fire,ground,175.6,126.9,157,3498579,50,2479,Incinerate,Earth Power,Overheat,3,3,3,50000
Delphox,72,655,fire,psychic,171.9,146.9,143,3612854,30.5,2494,Fire Spin,Blast Burn,Mystical Fire,5,5,3,10000
Kabutops,72,141,rock,water,175.8,155.4,130,3549720,39,2500,Fury Cutter,Stone Edge,Ancient Power,14,12,5,75000
Oinkologne,72,916,normal,none,152.5,134.9,199,4093878,42.5,2499,Tackle,Body Slam,Trailblaze,12,15,1,10000
Crobat,71.9,169,poison,flying,157.5,149.5,168,3955435,41,2500,Air Slash,Poison Fang,Shadow Ball,5,7,1,10000
Cryogonal,71.9,615,ice,none,150.2,177.2,156,4151488,36.5,2500,Ice Shard,Night Slash,Triple Axel,4,5,5,75000
Latios (Shadow),71.9,381,dragon,psychic,179.3,147.2,131,3458902,24,2495,Dragon Breath,Dragon Claw,Luster Purge,12,20,20,100000
Haxorus,71.8,612,dragon,none,195.6,126.1,129,3183455,25.5,2500,Dragon Tail,Breaking Swipe,Night Slash,4,4,5,75000
Shiftry (Shadow),71.8,275,grass,dark,174.7,111.6,182,3547605,46,2490,Snarl,Leaf Blade,Foul Play,3,4,3,50000
Crawdaunt (Shadow),71.7,342,water,dark,187,126.3,141,3331349,46,2496,Snarl,Night Slash,Scald,3,4,3,50000
Marowak (Shadow),71.7,105,ground,none,133.6,168.9,142,3204426,50,2075,Mud Slap,Bone Club,Rock Slide,4,5,3,50000
Tapu Koko,71.7,785,electric,fairy,184,138.4,133,3385775,28.5,2499,Volt Switch,Thunderbolt,Nature's Madness,4,4,20,100000
Kingdra (Shadow),71.6,230,water,dragon,156.5,165.2,153,3954457,40,2490,Dragon Breath,Outrage,Octazooka,20,17,3,50000
Klinklang,71.6,601,steel,none,160.6,180.3,133,3852914,39.5,2488,Metal Sound,Mirror Shot,Zap Cannon,5,10,5,75000
Luxray (Shadow),71.6,405,electric,none,179.1,126.2,154,3480709,34,2498,Snarl,Wild Charge,Psychic Fangs,4,3,5,75000
Tangrowth,71.6,465,grass,none,156.5,146.2,174,3981535,30.5,2497,Vine Whip,Power Whip,Rock Slide,7,6,3,50000
Gardevoir (Shadow),71.5,282,psychic,fairy,177,149.5,133,3519444,29.5,2500,Charm,Triple Axel,Shadow Ball,8,10,5,75000
Heatmor,71.5,631,fire,none,172.7,118.7,175,3588455,48,2490,Fire Spin,Thunder Punch,Flamethrower,4,6,3,50000
Tauros (Blaze),71.4,128,fighting,fire,164.4,155.2,149,3800668,35.5,2500,Double Kick,Flame Charge,Trailblaze,5,4,3,50000
Darmanitan (Standard),71.3,555,fire,none,193.7,93.6,176,3191384,29.5,2488,Incinerate,Rock Slide,Overheat,3,3,3,50000
Dialga (Shadow),71.3,483,steel,dragon,178.7,140.3,139,3485851,23,2496,Dragon Breath,Iron Head,Thunder,17,20,20,100000
Infernape,71.3,392,fire,fighting,177.7,128.8,153,3502927,37.5,2500,Fire Spin,Close Combat,Blast Burn,5,5,3,10000
Emboar,71.2,500,fire,fighting,178.5,104.1,188,3494597,32,2498,Ember,Blast Burn,Rock Slide,8,7,3,10000
Marowak,71.2,105,ground,none,133.6,168.9,142,3204426,50,2075,Mud Slap,Bone Club,Rock Slide,4,5,3,50000
Terrakion,71.2,639,rock,fighting,175.9,136.2,147,3521739,24.5,2492,Double Kick,Sacred Sword,Rock Slide,3,4,20,100000
Naganadel,71.1,804,poison,dragon,191.1,124.1,136,3225581,28.5,2484,Poison Jab,Dragon Claw,Sludge Bomb,5,8,20,100000
Quaquaval,71.1,914,water,fighting,177.8,127.8,154,3500692,30.5,2497,Wing Attack,Close Combat,Aqua Jet,7,6,3,10000
Shiftry,71.1,275,grass,dark,174.7,111.6,182,3547605,46,2490,Snarl,Leaf Blade,Foul Play,3,4,3,50000
Armaldo,71,348,rock,bug,172.2,143.4,146,3604964,34.5,2495,Fury Cutter,Rock Blast,Liquidation,10,12,3,50000
Tangrowth (Shadow),71,465,grass,none,156.5,146.2,174,3981535,30.5,2497,Vine Whip,Power Whip,Rock Slide,7,6,3,50000
Crobat (Shadow),70.9,169,poison,flying,157.5,149.5,168,3955435,41,2500,Air Slash,Poison Fang,Shadow Ball,5,7,1,10000
Darmanitan (Standard) (Shadow),70.9,555,fire,none,193.7,93.6,176,3191384,29.5,2488,Incinerate,Rock Slide,Overheat,3,3,3,50000
Hitmonlee,70.9,106,fighting,none,182.7,156.4,119,3399624,41.5,2499,Double Kick,Close Combat,Blaze Kick,4,4,5,75000
Skarmory,70.9,227,steel,flying,137,202.5,149,4132945,50,2383,Steel Wing,Brave Bird,Flash Cannon,10,12,5,75000
Cursola,70.8,864,ghost,none,188.6,142.9,122,3289764,29.5,2497,Astonish,Night Shade,Power Gem,5,5,3,50000
Manectric,70.8,310,electric,none,186.8,116,153,3315347,46.5,2488,Snarl,Wild Charge,Psychic Fangs,4,3,3,50000
Entei (Shadow),70.7,244,fire,none,165.7,127.2,178,3753079,26.5,2494,Fire Spin,Scorching Sands,Flame Charge,5,5,20,100000
Marowak (Alolan),70.7,105,fire,ghost,133.6,168.9,142,3204426,50,2075,Hex,Bone Club,Shadow Bone,3,4,3,50000
Ribombee,70.7,743,bug,fairy,179,135.3,142,3438449,50,2488,Fairy Wind,Dazzling Gleam,Bug Buzz,7,7,1,10000
Slowking,70.7,199,water,psychic,147.4,154.6,186,4238192,43,2499,Water Gun,Surf,Psychic,15,19,3,50000
Alomomola,70.6,594,water,none,128.6,122.7,296,4668794,50,2452,Waterfall,Hydro Pump,Blizzard,10,10,5,75000
Meowscarada,70.5,908,grass,dark,181.2,125.4,151,3430112,35.5,2495,Leafage,Night Slash,Frenzy Plant,5,7,3,10000
Rayquaza,70.5,384,dragon,flying,189.1,118.5,147,3293272,24,2497,Dragon Tail,Breaking Swipe,Dragon Ascent,4,8,20,100000
Slowbro,70.5,80,water,psychic,147.4,154.6,186,4238192,43,2499,Water Gun,Surf,Ice Beam,15,19,3,50000
Exploud (Shadow),70.3,295,normal,none,158,124.2,201,3945180,46.5,2500,Astonish,Crunch,Disarming Voice,5,5,1,10000
Gardevoir,70.3,282,psychic,fairy,177,149.5,133,3519444,29.5,2500,Charm,Triple Axel,Shadow Ball,8,10,5,75000
Marowak (Alolan) (Shadow),70.3,105,fire,ghost,133.6,168.9,142,3204426,50,2075,Hex,Bone Club,Shadow Bone,3,4,3,50000
Wyrdeer,70.3,899,normal,psychic,163,122.6,190,3796873,37.5,2488,Confusion,Wild Charge,Stomp,4,4,5,75000
Landorus (Incarnate),70.2,645,ground,flying,179.4,132.9,145,3457683,25.5,2491,Mud Shot,Earth Power,Rock Slide,7,6,20,100000
Chandelure (Shadow),70.1,609,ghost,fire,194.8,137.3,119,3182125,27.5,2490,Incinerate,Shadow Ball,Flame Charge,3,3,5,75000
Blissey,70,242,normal,none,104.8,143.8,395,5952508,38.5,2499,Zen Headbutt,Wild Charge,Dazzling Gleam,8,10,5,75000
Crawdaunt,70,342,water,dark,187,126.3,141,3331349,46,2496,Snarl,Night Slash,Crabhammer,3,4,3,50000
Mismagius,70,429,ghost,none,170.5,160.1,133,3630556,40.5,2489,Hex,Shadow Ball,Dazzling Gleam,5,5,3,50000
Noctowl,70,164,normal,flying,134.4,143.7,201,3883121,50,2288,Wing Attack,Sky Attack,Night Shade,8,7,1,10000
Thundurus (Therian),70,642,electric,flying,199.7,114.9,135,3097423,25,2492,Volt Switch,Wildbolt Storm,Focus Blast,3,5,20,100000
Yanmega,69.9,469,bug,flying,176.3,125.9,159,3530271,31.5,2496,Bug Bite,Aerial Ace,Ancient Power,14,15,3,50000
Diancie,69.8,719,rock,fairy,154.6,228.5,114,4026566,35,2497,Rock Throw,Power Gem,Moonblast,10,12,20,100000
Groudon,69.8,383,ground,none,174.3,153.3,134,3580557,22.5,2500,Mud Shot,Precipice Blades,Fire Punch,8,5,20,100000
Kyurem (Black),69.8,646,dragon,ice,187.6,114.7,154,3313462,20,2498,Shadow Claw,Fusion Bolt,Freeze Shock,6,8,20,100000
Braviary,69.7,628,normal,flying,173.4,122,170,3595320,30.5,2500,Air Slash,Fly,Close Combat,5,5,5,75000
Emboar (Shadow),69.7,500,fire,fighting,178.5,104.1,188,3494597,32,2498,Ember,Blast Burn,Rock Slide,8,7,3,10000
Exploud,69.7,295,normal,none,158,124.2,201,3945180,46.5,2500,Astonish,Crunch,Disarming Voice,5,5,1,10000
Krookodile,69.7,553,ground,dark,171.9,126.9,166,3621044,31,2500,Mud Slap,Crunch,Earthquake,5,7,5,75000
Rotom (Frost),69.7,479,electric,ice,167.5,183.5,121,3719845,41.5,2499,Thunder Shock,Thunderbolt,Blizzard,7,9,5,75000
Gigalith (Shadow),69.6,526,rock,none,164.7,153.3,149,3763758,28.5,2496,Mud Slap,Meteor Beam,Superpower,6,4,3,50000
Tropius,69.5,357,grass,flying,126.9,149.6,199,3776755,50,2194,Air Slash,Leaf Blade,Brutal Swing,4,4,5,75000
Mewtwo,69.4,150,psychic,none,190.5,122.2,140,3258153,22,2494,Psycho Cut,Psystrike,Shadow Ball,5,7,20,100000
Electrode (Shadow),69.3,101,electric,none,158,158,142,3543829,50,2373,Volt Switch,Discharge,Foul Play,3,3,3,50000
Manectric (Shadow),69.3,310,electric,none,186.8,116,153,3315347,46.5,2488,Snarl,Wild Charge,Psychic Fangs,4,3,3,50000
Camerupt (Shadow),69.2,323,fire,ground,175.6,126.9,157,3498579,50,2479,Incinerate,Earth Power,Overheat,3,3,3,50000
Metagross (Shadow),69,376,steel,psychic,172.1,156.4,134,3607384,24,2493,Bullet Punch,Meteor Mash,Psychic,8,8,5,75000
Zebstrika (Shadow),69,523,electric,none,178,125,157,3492769,47.5,2495,Spark,Wild Charge,Discharge,7,6,3,50000
Arcanine (Shadow),68.9,59,fire,none,171.2,130.6,163,3643261,31,2497,Snarl,Wild Charge,Psychic Fangs,4,3,3,50000
Decidueye (Hisuian),68.8,724,grass,fighting,164.8,140,164,3785108,33.5,2498,Magical Leaf,Aura Sphere,Aerial Ace,6,4,3,10000
Electrode,68.8,101,electric,none,158,158,142,3543829,50,2373,Volt Switch,Discharge,Foul Play,3,3,3,50000
Honchkrow,68.8,430,dark,flying,193.3,91.2,183,3227317,37,2499,Snarl,Brave Bird,Dark Pulse,5,4,3,50000
Gligar (Shadow),68.7,207,ground,flying,132.8,167.2,149,3307998,50,2099,Fury Cutter,Aerial Ace,Night Slash,10,9,5,75000
Hatterene,68.7,858,psychic,fairy,185,148.3,123,3374903,35.5,2499,Charm,Psyshock,Power Whip,7,9,5,50000
Latios,68.7,381,dragon,psychic,178.7,147.2,132,3472586,24,2492,Dragon Breath,Dragon Claw,Luster Purge,12,20,20,100000
Leafeon,68.7,470,grass,none,164.4,173.3,132,3760297,32,2489,Bullet Seed,Leaf Blade,Last Resort,3,5,5,75000
Mightyena (Shadow),68.7,262,dark,none,156.3,123.5,157,3031089,50,2177,Sucker Punch,Crunch,Poison Fang,7,6,1,10000
Flapple,68.6,841,grass,dragon,179.4,127.5,152,3477157,46.5,2499,Dragon Breath,Fly,Seed Bomb,15,15,5,75000
Necrozma (Dusk Mane),68.6,800,psychic,steel,178.7,148.9,131,3485668,22.5,2497,Shadow Claw,Dark Pulse,Sunsteel Strike,7,9,20,100000
Tornadus (Therian),68.6,641,flying,none,174,144.8,142,3577332,28.5,2500,Gust,Bleakwind Storm,Focus Blast,4,7,20,100000
Ambipom,68.5,424,normal,none,173.8,127.5,162,3590127,47.5,2500,Astonish,Aerial Ace,Return,4,7,3,50000
Cloyster,68.5,91,water,ice,153.3,216,122,4039842,42.5,2489,Ice Shard,Icy Wind,Hydro Pump,5,8,3,50000
Nihilego,68.5,793,rock,poison,164.5,139.9,165,3796292,23.5,2499,Poison Jab,Power Gem,Sludge Bomb,8,8,20,100000
Stakataka,68.5,805,rock,steel,154.1,217.7,120,4026104,28,2492,Rock Throw,Stone Edge,Bulldoze,11,9,20,100000
Bisharp,68.4,625,dark,steel,179.8,143.4,134,3454422,34.5,2494,Snarl,Dark Pulse,Iron Head,4,4,5,75000
Flareon,68.4,136,fire,none,184.4,139.4,131,3369105,31,2495,Ember,Superpower,Flamethrower,6,8,5,75000
Jumpluff (Shadow),68.4,189,grass,flying,111.8,166.4,164,3049506,50,1850,Fairy Wind,Acrobatics,Aerial Ace,7,5,3,50000
Keldeo (Ordinary),68.4,647,water,fighting,177.4,134.8,145,3466877,24,2482,Poison Jab,Hydro Pump,Sacred Sword,11,5,20,100000
Swanna,68.3,581,water,flying,165.5,123.5,164,3353483,50,2361,Water Gun,Fly,Ice Beam,15,19,3,50000
Vanilluxe,68.3,584,ice,none,169.9,150.2,143,3650141,34.5,2493,Astonish,Avalanche,Flash Cannon,5,7,3,50000
Girafarig (Shadow),68.2,203,normal,psychic,165.5,124.4,157,3232186,50,2314,Double Kick,Psychic Fangs,Trailblaze,3,4,3,50000
Honchkrow (Shadow),68.2,430,dark,flying,193.3,91.2,183,3227317,37,2499,Snarl,Brave Bird,Dark Pulse,5,4,3,50000
Moltres (Shadow),68.2,146,fire,flying,176.7,133.4,149,3513178,26.5,2493,Fire Spin,Sky Attack,Ancient Power,6,5,20,100000
Zarude,68.2,893,dark,grass,163.8,147,157,3781239,23.5,2491,Vine Whip,Dark Pulse,Power Whip,7,7,20,100000
Tyrantrum,68.1,697,rock,dragon,169,148.5,147,3690553,30,2498,Dragon Tail,Meteor Beam,Crunch,7,5,5,75000
Zamazenta (Hero),68.1,889,fighting,none,168.4,162.5,134,3667246,23.5,2485,Quick Attack,Close Combat,Crunch,6,6,20,100000
Breloom,68,286,grass,fighting,194.2,122.9,134,3198410,40.5,2499,Force Palm,Dynamic Punch,Grass Knot,5,5,3,50000
Groudon (Shadow),68,383,ground,none,174.8,152.3,134,3566568,22,2497,Mud Shot,Precipice Blades,Fire Punch,8,5,20,100000
Slowking (Shadow),68,199,water,psychic,147.4,154.6,186,4238192,43,2499,Water Gun,Surf,Psychic,15,19,3,50000
Bouffalant,67.9,626,normal,none,153.7,150.6,175,4049855,35.5,2495,Mud Shot,Stomp,Megahorn,5,7,3,50000
Polteageist,67.9,855,ghost,none,185.9,145.5,124,3353327,30.5,2498,Hex,Shadow Ball,Dark Pulse,5,4,3,50000
Gothitelle,67.8,576,psychic,none,149,182.1,153,4151848,47.5,2488,Confusion,Rock Slide,Future Sight,4,6,3,50000
Girafarig,67.7,203,normal,psychic,165.5,124.4,157,3232186,50,2314,Double Kick,Psychic Fangs,Trailblaze,3,4,3,50000
Gligar,67.7,207,ground,flying,132.8,167.2,149,3307998,50,2099,Fury Cutter,Aerial Ace,Night Slash,10,9,5,75000
Huntail,67.7,367,water,none,173.6,159.6,130,3602634,46.5,2500,Water Gun,Aqua Tail,Crunch,12,15,3,50000
Jolteon,67.7,135,electric,none,178.4,147.7,132,3479068,33,2498,Volt Switch,Discharge,Last Resort,3,4,5,75000
Sudowoodo,67.6,185,rock,none,152.9,160.5,157,3853658,50,2428,Counter,Meteor Beam,Rock Tomb,10,9,5,75000
Metang,67.5,375,steel,psychic,128.6,160.5,142,2930096,50,1946,Fury Cutter,Psyshock,Gyro Ball,10,15,5,75000
Araquanid,67.4,752,water,bug,118.5,196.6,154,3587769,50,2065,Bug Bite,Bug Buzz,Water Pulse,20,19,3,50000
Hypno (Shadow),67.4,97,psychic,none,133.6,174.8,178,4156705,50,2363,Confusion,Fire Punch,Ice Punch,4,4,3,50000
Jumpluff,67.4,189,grass,flying,111.8,166.4,164,3049506,50,1850,Fairy Wind,Acrobatics,Aerial Ace,7,5,3,50000
Porygon2,67.4,233,normal,none,158.5,148.3,167,3925249,39,2495,Lock On,Tri Attack,Return,10,14,3,50000
Slowbro (Shadow),67.4,80,water,psychic,147.4,154.6,186,4238192,43,2499,Water Gun,Surf,Ice Beam,15,19,3,50000
Floatzel,67.3,419,water,none,184,105.5,173,3358278,45.5,2488,Water Gun,Aqua Jet,Swift,14,12,3,50000
Golbat (Shadow),67.3,42,poison,flying,147.9,138.6,164,3362863,50,2234,Wing Attack,Air Cutter,Poison Fang,5,6,1,10000
Zebstrika,67.3,523,electric,none,178,125,157,3492769,47.5,2495,Spark,Wild Charge,Discharge,7,6,3,50000
Banette (Shadow),67.2,354,ghost,none,192.3,115.5,146,3243848,47,2498,Shadow Claw,Shadow Ball,Dazzling Gleam,7,7,3,50000
Beartic,67.2,614,ice,none,173.4,121.5,169,3559666,30,2484,Powder Snow,Ice Punch,Liquidation,5,6,3,50000
Garchomp (Shadow),67.2,445,dragon,ground,171.1,132,161,3634545,23,2496,Dragon Tail,Sand Tomb,Outrage,5,7,5,75000
Infernape (Shadow),67.2,392,fire,fighting,177.7,128.8,153,3502927,37.5,2500,Fire Spin,Close Combat,Blast Burn,5,5,3,10000
Mismagius (Shadow),67.2,429,ghost,none,170.5,160.1,133,3630556,40.5,2489,Hex,Shadow Ball,Dazzling Gleam,5,5,3,50000
Ambipom (Shadow),67.1,424,normal,none,173.8,127.5,162,3590127,47.5,2500,Astonish,Aerial Ace,Low Sweep,4,4,3,50000
Carracosta (Shadow),67.1,565,water,rock,155.4,167.3,153,3977055,40.5,2486,Rock Throw,Ancient Power,Liquidation,9,9,5,75000
Tsareena,67.1,763,grass,none,168.8,154.6,141,3678618,32.5,2499,Magical Leaf,Triple Axel,High Jump Kick,5,6,3,10000
Beedrill,67,15,bug,poison,154.6,121.8,149,2806990,50,2087,Poison Sting,Drill Run,X-Scissor,5,5,1,10000
Seviper,67,336,poison,none,177.3,111.8,161,3190279,50,2380,Poison Jab,Poison Fang,Crunch,6,7,3,50000
Necrozma (Dawn Wings),66.9,800,psychic,ghost,178.7,148.9,131,3485668,22.5,2497,Shadow Claw,Dark Pulse,Moongeist Beam,7,9,20,100000
Porygon2 (Shadow),66.9,233,normal,none,158.5,148.3,167,3925249,39,2495,Lock On,Tri Attack,Zap Cannon,10,16,3,50000
Garchomp,66.8,445,dragon,ground,171.1,132,161,3634545,23,2496,Dragon Tail,Sand Tomb,Outrage,5,7,5,75000
Latias,66.8,380,dragon,psychic,159.5,178.1,137,3893026,26.5,2497,Dragon Breath,Mist Ball,Thunder,20,20,20,100000
Golbat,66.7,42,poison,flying,147.9,138.6,164,3362863,50,2234,Wing Attack,Air Cutter,Poison Fang,5,6,1,10000
Arboliva,66.5,930,grass,normal,166.7,151.1,148,3727859,31.5,2494,Magical Leaf,Earth Power,Trailblaze,6,5,3,50000
Mightyena,66.5,262,dark,none,156.3,123.5,157,3031089,50,2177,Sucker Punch,Crunch,Poison Fang,7,6,1,10000
Celebi,66.4,251,psychic,grass,155.5,154.8,166,3996896,27.5,2493,Confusion,Seed Bomb,Leaf Storm,4,5,20,100000
Magcargo,66.4,219,fire,rock,129.4,173.1,127,2844857,50,1924,Incinerate,Rock Tomb,Overheat,3,3,1,10000
Metang (Shadow),66.4,375,steel,psychic,128.6,160.5,142,2930096,50,1946,Fury Cutter,Psyshock,Gyro Ball,10,15,5,75000
Beedrill (Shadow),66.3,15,bug,poison,154.6,121.8,149,2806990,50,2087,Poison Sting,Drill Run,X-Scissor,5,5,1,10000
Carracosta,66.3,565,water,rock,155.4,167.3,153,3977055,40.5,2486,Rock Throw,Ancient Power,Liquidation,9,9,5,75000
Zacian (Crowned Sword),66.3,888,fairy,steel,190.4,144.5,117,3219996,18,2479,Metal Claw,Close Combat,Behemoth Blade,7,8,20,100000
Tangela,66.2,114,grass,none,165.4,153.7,148,3762095,49,2500,Vine Whip,Grass Knot,Sludge Bomb,7,7,3,50000
Ursaluna,66.2,901,ground,normal,162.5,125.6,188,3839029,23.5,2500,Tackle,Swift,High Horsepower,12,20,3,50000
Simisage,66.1,512,grass,none,176.6,122.4,163,3523110,48.5,2495,Vine Whip,Grass Knot,Crunch,7,6,3,50000
Weavile,66.1,461,dark,ice,183.7,136.1,136,3399317,30,2499,Snarl,Avalanche,Foul Play,4,4,3,50000
Zygarde (10% Forme),66,718,dragon,ground,177.4,155.2,127,3496421,47,2491,Dragon Tail,Crunch,Earthquake,5,8,20,100000
Oricorio (Pom-Pom),65.9,741,electric,flying,172.6,130.8,160,3612607,45.5,2499,Air Slash,Air Cutter,Aerial Ace,4,5,3,75000
Rotom,65.9,479,electric,ghost,168.1,146.2,127,3120698,50,2296,Astonish,Thunderbolt,Ominous Wind,6,5,5,75000
Toxapex,65.9,748,poison,water,108.4,242,127,3331614,50,1905,Poison Jab,Brine,Sludge Wave,8,10,3,50000
Simisear,65.8,514,fire,none,176.6,122.4,163,3523110,48.5,2495,Fire Spin,Crunch,Flamethrower,5,6,3,50000
Lopunny,65.7,428,normal,none,143.7,175.6,149,3760083,50,2328,Double Kick,Triple Axel,Fire Punch,4,4,3,50000
Weavile (Shadow),65.6,461,dark,ice,183.7,136.1,136,3399317,30,2499,Snarl,Avalanche,Foul Play,4,4,3,50000
Omastar (Shadow),65.5,139,rock,water,163.3,163.3,143,3813506,36.5,2497,Mud Shot,Rock Slide,Rock Blast,6,5,5,75000
Revavroom,65.5,966,steel,poison,174.1,135.6,151,3563534,31.5,2491,Metal Sound,Gunk Shot,Gyro Ball,10,8,3,50000
Ursaluna (Shadow),65.5,901,ground,normal,162.5,125.6,188,3839029,23.5,2500,Tackle,Swift,Ice Punch,12,14,3,50000
Arcanine (Hisuian),65.4,59,fire,rock,169.8,129.5,165,3627507,29,2485,Fire Fang,Rock Slide,Crunch,8,8,3,50000
Braviary (Hisuian),65.4,628,psychic,flying,166.5,114.3,196,3732007,36,2495,Air Slash,Brave Bird,Fly,7,5,5,75000
Cinderace,65.4,815,fire,none,179.3,129.1,150,3471978,31,2499,Fire Spin,Flamethrower,Flame Charge,6,5,3,10000
Cloyster (Shadow),65.4,91,water,ice,153.3,216,122,4039842,42.5,2489,Ice Shard,Icy Wind,Hydro Pump,5,8,3,50000
Probopass,65.4,476,rock,steel,126,243.7,142,4361605,50,2351,Spark,Rock Slide,Zap Cannon,7,12,3,50000
Carnivine,65.3,455,grass,none,169.7,126.9,163,3510627,50,2441,Vine Whip,Power Whip,Crunch,7,6,5,75000
Gurdurr,65.3,533,fighting,none,163.9,125.2,178,3651822,50,2452,Poison Jab,Stone Edge,Brick Break,8,6,5,75000
Lycanroc (Midday),65.3,745,rock,none,184.6,120,152,3365988,38,2498,Sucker Punch,Drill Run,Stone Edge,7,8,5,50000
Mesprit,65.3,481,psychic,none,159.4,166.7,147,3905898,31,2499,Confusion,Swift,Future Sight,3,6,20,100000
Probopass (Shadow),65.3,476,rock,steel,126,243.7,142,4361605,50,2351,Spark,Rock Slide,Zap Cannon,7,12,3,50000
Tauros,65.3,128,normal,none,160.9,157,153,3865309,40.5,2494,Tackle,Trailblaze,Horn Attack,15,12,3,50000
Zweilous,65.3,634,dark,dragon,146.2,126,160,2948691,50,2079,Dragon Breath,Dark Pulse,Body Slam,17,12,5,75000
Crocalor,65.2,910,fire,none,148.7,125.2,173,3221621,50,2189,Incinerate,Crunch,Disarming Voice,3,3,3,10000
Rotom (Mow),65.1,479,electric,grass,167.5,183.5,121,3719845,41.5,2499,Thunder Shock,Thunderbolt,Ominous Wind,7,5,5,75000
Shiinotic,65,756,grass,fairy,142,153.8,142,3100951,50,2104,Astonish,Moonblast,Seed Bomb,6,5,3,50000
Basculin,64.9,550,water,none,171.4,121,157,3256575,50,2363,Water Gun,Aqua Tail,Aqua Jet,12,14,1,10000
Gurdurr (Shadow),64.9,533,fighting,none,163.9,125.2,178,3651822,50,2452,Poison Jab,Stone Edge,Brick Break,8,6,5,75000
Masquerain,64.9,284,bug,flying,171.2,136.2,156,3637065,49,2497,Infestation,Air Cutter,Lunge,3,4,1,10000
Kecleon,64.8,352,normal,none,147.9,171.4,142,3599979,50,2314,Sucker Punch,Foul Play,Aerial Ace,6,6,5,75000
Tangela (Shadow),64.8,114,grass,none,165.4,153.7,148,3762095,49,2500,Vine Whip,Grass Knot,Sludge Bomb,7,7,3,50000
Lycanroc (Dusk),64.7,745,rock,none,186.3,119.5,150,3339023,37.5,2498,Sucker Punch,Stone Edge,Trailblaze,8,7,5,50000
Necrozma,64.7,800,psychic,none,171,138.9,153,3634644,25,2498,Shadow Claw,Dark Pulse,Future Sight,7,9,20,100000
Glaceon,64.6,471,ice,none,176.3,157.4,127,3525617,29.5,2500,Ice Shard,Avalanche,Icy Wind,5,5,5,75000
Latias (Shadow),64.5,380,dragon,psychic,160.6,176.1,137,3872642,25.5,2499,Dragon Breath,Mist Ball,Thunder,20,20,20,100000
Oricorio (Baile),64.5,741,fire,flying,172.6,130.8,160,3612607,45.5,2499,Air Slash,Air Cutter,Aerial Ace,4,5,3,75000
Stonjourner,64.5,874,rock,none,162.6,141,167,3828430,29,2499,Rock Throw,Stone Edge,Rock Slide,11,9,5,75000
Xurkitree,64.5,796,electric,none,215.9,101.9,131,2881005,23,2497,Thunder Shock,Discharge,Power Whip,5,6,20,100000
Absol (Shadow),64.4,359,dark,none,201.5,107.6,142,3078122,42.5,2491,Snarl,Brutal Swing,Megahorn,3,5,5,75000
Exeggutor (Alolan),64.4,103,grass,dragon,172.7,122.9,169,3587353,30,2489,Dragon Tail,Seed Bomb,Draco Meteor,5,8,3,50000
Comfey,64.1,764,fairy,none,151.3,193.3,129,3771020,50,2392,Vine Whip,Grass Knot,Draining Kiss,7,7,3,50000
Exeggutor (Alolan) (Shadow),64.1,103,grass,dragon,172.7,122.9,169,3587353,30,2489,Dragon Tail,Seed Bomb,Draco Meteor,5,8,3,50000
Gothitelle (Shadow),64.1,576,psychic,none,149,182.1,153,4151848,47.5,2488,Confusion,Rock Slide,Future Sight,4,6,3,50000
Musharna,64.1,518,psychic,none,146.4,139.4,208,4246921,38,2498,Charge Beam,Psyshock,Dazzling Gleam,4,5,3,50000
Simipour,63.8,516,water,none,176.6,122.4,163,3523110,48.5,2495,Water Gun,Surf,Crunch,15,15,3,50000
Tyranitar,63.8,248,rock,dark,167.7,143.8,154,3713313,23.5,2496,Smack Down,Brutal Swing,Stone Edge,5,7,5,75000
Archeops (Shadow),63.6,567,rock,flying,208.1,107.9,133,2985371,27.5,2499,Wing Attack,Dragon Claw,Ancient Power,5,7,5,75000
Houndoom (Shadow),63.6,229,dark,fire,180.2,125.7,152,3441593,40,2494,Snarl,Foul Play,Flamethrower,4,5,3,50000
Swanna (Shadow),63.4,581,water,flying,165.5,123.5,164,3353483,50,2361,Air Slash,Fly,Ice Beam,5,7,3,50000
Espeon,63.2,196,psychic,none,191.1,134.8,126,3246027,28.5,2500,Confusion,Psychic Fangs,Shadow Ball,3,5,5,75000
Meowstic (Male),63.2,678,psychic,none,152.1,152.9,163,3791459,50,2401,Sucker Punch,Psychic,Thunderbolt,8,8,3,50000
Oricorio (Sensu),63.1,741,ghost,flying,172.6,130.8,160,3612607,45.5,2499,Air Slash,Air Cutter,Aerial Ace,4,5,3,75000
Togetic,63,176,fairy,flying,129.4,164.7,135,2877261,50,1931,Fairy Wind,Psyshock,Aerial Ace,5,5,3,50000
Tyranitar (Shadow),63,248,rock,dark,167.7,143.8,154,3713313,23.5,2496,Smack Down,Brutal Swing,Stone Edge,5,7,5,75000
Arbok,62.9,24,poison,none,152.9,141.2,142,3065757,50,2171,Acid,Dark Pulse,Sludge Wave,7,9,3,50000
Kyurem (White),62.9,646,dragon,ice,187.6,114.7,154,3313462,20,2498,Dragon Breath,Fusion Flare,Ice Burn,15,20,20,100000
Moltres,62.7,146,fire,flying,176.7,134.8,148,3525574,26.5,2500,Fire Spin,Sky Attack,Overheat,6,6,20,100000
Sawk (Shadow),62.7,539,fighting,none,181.3,127.2,149,3434728,35,2497,Poison Jab,Body Slam,Brick Break,5,6,5,75000
Chandelure,62.6,609,ghost,fire,194.8,137.3,119,3182125,27.5,2490,Fire Spin,Shadow Ball,Flame Charge,6,5,5,75000
Darmanitan (Galarian),62.6,555,ice,none,193.7,93.6,176,3191384,29.5,2488,Ice Fang,Avalanche,Superpower,8,7,3,50000
Houndoom,62.6,229,dark,fire,180.2,125.7,152,3441593,40,2494,Snarl,Foul Play,Flamethrower,4,5,3,50000
Kingler,62.6,99,water,none,187.3,148.3,120,3333406,35.5,2498,Bubble,Crabhammer,X-Scissor,5,4,3,50000
Torterra (Shadow),62.6,389,grass,ground,155.1,152.1,170,4008159,33.5,2493,Razor Leaf,Frenzy Plant,Stone Edge,12,14,3,10000
Pignite,62.5,499,fire,fighting,158,101.7,186,2987617,50,2175,Ember,Rock Tomb,Flame Charge,8,8,3,10000
Zoroark,62.5,571,dark,none,204.2,112.5,133,3055646,41.5,2500,Shadow Claw,Foul Play,Night Shade,5,6,5,75000
Mr. Rime,62.4,866,ice,psychic,165.9,146,155,3754602,35.5,2497,Ice Shard,Icy Wind,Psychic,5,6,5,75000
Arcanine,62.1,59,fire,none,171.2,130.6,163,3643261,31,2497,Snarl,Crunch,Flamethrower,4,5,3,50000
Omastar,62,139,rock,water,163.3,163.3,143,3813506,36.5,2497,Mud Shot,Rock Slide,Rock Blast,6,5,5,75000
Shelgon,62,372,dragon,none,157.1,142.9,149,3344610,50,2296,Dragon Breath,Flamethrower,Dragon Pulse,19,20,5,75000
Furret,61.9,162,normal,none,137,117.6,178,2868167,50,1987,Sucker Punch,Swift,Trailblaze,5,7,1,10000
Sigilyph,61.9,561,psychic,flying,167.3,145.7,152,3703112,42,2489,Air Slash,Air Cutter,Ancient Power,4,5,5,75000
Dodrio,61.8,85,normal,flying,186,127.3,141,3339645,49.5,2497,Steel Wing,Brave Bird,Drill Peck,10,7,3,50000
Sudowoodo (Shadow),61.8,185,rock,none,152.9,160.5,157,3853658,50,2428,Counter,Meteor Beam,Rock Tomb,10,9,5,75000
Absol,61.7,359,dark,none,201.5,107.6,142,3078122,42.5,2491,Snarl,Brutal Swing,Megahorn,3,5,5,75000
Aerodactyl (Shadow),61.4,142,rock,flying,174,134.5,153,3580896,37,2496,Rock Throw,Rock Slide,Earth Power,9,11,5,75000
Graveler (Alolan) (Shadow),61.3,75,rock,electric,150.4,150.4,135,3054278,50,2145,Volt Switch,Stone Edge,Rock Blast,4,3,1,10000
Boldore,61.2,525,rock,none,158.8,132.8,157,3310452,50,2293,Mud Slap,Stone Edge,Rock Slide,6,5,3,50000
Lycanroc (Midnight),61.2,745,rock,none,171.8,127.9,164,3602247,36.5,2488,Counter,Psychic Fangs,Crunch,6,8,5,50000
Aerodactyl,61,142,rock,flying,174,134.5,153,3580896,37,2496,Rock Throw,Rock Slide,Earth Power,9,11,5,75000
Beheeyem,61,606,psychic,none,174.1,136.3,150,3560325,36.5,2497,Astonish,Rock Slide,Dark Pulse,5,5,3,50000
Kyogre,60.9,382,water,none,174.3,153.3,134,3580557,22.5,2500,Waterfall,Surf,Origin Pulse,6,8,20,100000
Parasect,60.9,47,bug,grass,151.3,135.3,142,2905731,50,2102,Fury Cutter,X-Scissor,Cross Poison,10,9,3,50000
Oricorio (Pa'u),60.8,741,psychic,flying,172.6,130.8,160,3612607,45.5,2499,Air Slash,Air Cutter,Aerial Ace,4,5,3,75000
Marshtomp,60.7,259,water,ground,143.7,124.4,157,2805603,50,2008,Mud Shot,Mud Bomb,Surf,5,6,3,10000
Purugly (Shadow),60.7,432,normal,none,157.1,124.4,158,3087658,50,2208,Shadow Claw,Aerial Ace,Thunder,5,8,3,50000
Sharpedo (Shadow),60.7,319,water,dark,216.8,82.3,157,2802942,50,2466,Waterfall,Crunch,Poison Fang,6,5,3,50000
Torterra,60.7,389,grass,ground,155.1,152.1,170,4008159,33.5,2493,Razor Leaf,Frenzy Plant,Stone Edge,12,14,3,10000
Boltund,60.6,836,electric,none,178.1,122.7,155,3387577,50,2460,Spark,Crunch,Thunder,7,9,1,50000
Boldore (Shadow),60.4,525,rock,none,158.8,132.8,157,3310452,50,2293,Mud Slap,Stone Edge,Rock Slide,6,5,3,50000
Maushold,60.4,925,normal,none,146.2,144.5,163,3444562,50,2244,Mud Shot,Swift,Crunch,5,6,1,10000
Misdreavus (Shadow),60.3,200,ghost,none,152.9,142,142,3084006,50,2178,Astonish,Dark Pulse,Shadow Sneak,5,5,3,50000
Accelgor (Shadow),60.2,617,bug,none,183.4,110.1,167,3371845,45,2488,Water Shuriken,Bug Buzz,Energy Ball,5,4,3,50000
Alakazam (Shadow),60.2,65,psychic,none,202.8,128.6,118,3076789,30.5,2500,Psycho Cut,Fire Punch,Shadow Ball,5,7,3,50000
Marshtomp (Shadow),60.2,259,water,ground,143.7,124.4,157,2805603,50,2008,Mud Shot,Mud Bomb,Surf,5,6,3,10000
Misdreavus,60.2,200,ghost,none,152.9,142,142,3084006,50,2178,Astonish,Dark Pulse,Shadow Sneak,5,5,3,50000
Pignite (Shadow),60.1,499,fire,fighting,158,101.7,186,2987617,50,2175,Ember,Rock Tomb,Flame Charge,8,8,3,10000
Tyrantrum (Shadow),60.1,697,rock,dragon,169,148.5,147,3690553,30,2498,Dragon Tail,Meteor Beam,Stone Edge,7,7,5,75000
Vigoroth (Shadow),60.1,288,normal,none,146.2,134.4,172,3381166,50,2225,Counter,Body Slam,Rock Slide,6,8,5,75000
Archeops,60,567,rock,flying,208.1,107.9,133,2985371,27.5,2499,Wing Attack,Dragon Claw,Ancient Power,5,7,5,75000
Cherrim (Sunshine),60,421,grass,none,155.5,141.2,157,3445477,50,2315,Bullet Seed,Weather Ball (Fire),Solar Beam,3,7,1,10000
Cinccino,60,573,normal,none,176.8,121.5,163,3500440,49.5,2490,Charm,Aqua Tail,Thunderbolt,6,10,3,50000
Kartana,60,798,grass,steel,218.4,127.6,102,2842159,25,2493,Razor Leaf,Leaf Blade,Night Slash,9,9,20,100000
Purugly,59.9,432,normal,none,157.1,124.4,158,3087658,50,2208,Shadow Claw,Aerial Ace,Thunder,5,8,3,50000
Shelgon (Shadow),59.8,372,dragon,none,157.1,142.9,149,3344610,50,2296,Dragon Breath,Flamethrower,Dragon Pulse,19,20,5,75000
Sawk,59.7,539,fighting,none,181.3,127.2,149,3434728,35,2497,Poison Jab,Body Slam,Brick Break,5,6,5,75000
Sneasel,59.7,215,dark,ice,171.4,135.3,135,3130823,50,2319,Ice Shard,Avalanche,Foul Play,5,4,3,50000
Accelgor,59.6,617,bug,none,183.4,110.1,167,3371845,45,2488,Water Shuriken,Bug Buzz,Energy Ball,5,4,3,50000
Arbok (Shadow),59.6,24,poison,none,152.9,141.2,142,3065757,50,2171,Acid,Dark Pulse,Sludge Wave,7,9,3,50000
Graveler (Alolan),59.6,75,rock,electric,150.4,150.4,135,3054278,50,2145,Volt Switch,Stone Edge,Rock Blast,4,3,1,10000
Kyogre (Shadow),59.6,382,water,none,174.8,152.3,134,3566568,22,2497,Waterfall,Surf,Origin Pulse,6,8,20,100000
Dunsparce,59.4,206,normal,none,122.7,120.2,201,2963150,50,1909,Rollout,Drill Run,Rock Slide,4,4,3,50000
Toucannon,59.4,733,normal,flying,176.8,125.4,158,3503553,38,2496,Bullet Seed,Drill Peck,Rock Blast,4,4,1,10000
Reuniclus,59.2,579,psychic,none,164.2,121.5,190,3789296,33,2497,Hidden Power (Psychic),Psyshock,Shadow Ball,5,7,3,50000
Sharpedo,59.1,319,water,dark,216.8,82.3,157,2802942,50,2466,Waterfall,Crunch,Poison Fang,6,5,3,50000
Shaymin (Sky),59.1,492,grass,flying,180.5,121.2,158,3458020,26,2498,Magical Leaf,Grass Knot,Energy Ball,5,6,20,100000
Sneasel (Shadow),59.1,215,dark,ice,171.4,135.3,135,3130823,50,2319,Ice Shard,Avalanche,Foul Play,5,4,3,50000
Carbink,58.9,703,rock,fairy,92.4,252.1,127,2959282,50,1658,Rock Throw,Power Gem,Moonblast,10,12,5,75000
Garbodor (Shadow),58.9,569,poison,none,159.3,147.7,166,3906089,47,2499,Infestation,Body Slam,Seed Bomb,3,4,3,50000
Alakazam,58.8,65,psychic,none,202.8,128.6,118,3076789,30.5,2500,Psycho Cut,Fire Punch,Shadow Ball,5,7,3,50000
Bibarel (Shadow),58.8,400,normal,water,148.7,112.6,170,2847054,50,2061,Rollout,Surf,Hyper Fang,4,4,1,10000
Clawitzer,58.8,693,water,none,174.1,142.5,144,3572394,36.5,2494,Water Gun,Crabhammer,Dark Pulse,17,17,3,50000
Crabominable,58.8,740,fighting,ice,177.7,113.5,174,3510400,32.5,2497,Bubble,Ice Punch,Brick Break,4,4,3,50000
Bibarel,58.7,400,normal,water,148.7,112.6,170,2847054,50,2061,Rollout,Surf,Hyper Fang,4,4,1,10000
Stantler (Shadow),58.6,234,normal,none,173.9,122.7,161,3435721,50,2447,Tackle,Wild Charge,Stomp,15,14,3,50000
Rillaboom,58.5,812,grass,none,171.8,127.9,165,3626314,28,2498,Razor Leaf,Grass Knot,Earth Power,13,14,3,10000
Vigoroth,58.5,288,normal,none,146.2,134.4,172,3381166,50,2225,Counter,Body Slam,Rock Slide,6,8,5,75000
Azumarill,58.4,184,water,fairy,106.7,140.3,201,3010128,50,1795,Bubble,Play Rough,Ice Beam,6,5,3,50000
Brionne,58.3,729,water,none,153.8,134.4,142,2935812,50,2131,Water Gun,Aqua Jet,Disarming Voice,14,15,3,10000
Meowstic (Female),58.3,678,psychic,none,152.1,152.9,163,3791459,50,2401,Confusion,Shadow Ball,Psychic,5,5,3,50000
Volcarona,58.3,637,bug,fire,180.3,134.3,142,3438074,25,2492,Fire Spin,Overheat,Bug Buzz,6,6,5,75000
Munchlax,58.1,446,normal,none,127.7,110.9,252,3570153,50,2139,Tackle,Body Slam,Bulldoze,12,15,5,10000
Stantler,58.1,234,normal,none,173.9,122.7,161,3435721,50,2447,Tackle,Wild Charge,Stomp,15,14,3,50000
Komala,57.9,775,normal,none,176.1,144.1,139,3525459,42,2493,Rollout,Payback,Bulldoze,5,4,3,50000
Sawsbuck,57.9,586,normal,grass,167.5,131.2,169,3715383,47,2496,Feint Attack,Wild Charge,Trailblaze,8,8,3,50000
Garbodor,57.8,569,poison,none,159.3,147.7,166,3906089,47,2499,Infestation,Body Slam,Seed Bomb,3,4,3,50000
Eldegoss,57.6,830,grass,none,137,189.9,142,3693628,50,2255,Bullet Seed,Grass Knot,Energy Ball,4,5,3,50000
Reuniclus (Shadow),57.6,579,psychic,none,164.2,121.5,190,3789296,33,2497,Hidden Power (Psychic),Psyshock,Shadow Ball,5,7,3,50000
Jynx,57.4,124,ice,psychic,183,130.9,142,3401181,42.5,2495,Confusion,Psyshock,Avalanche,4,4,5,75000
Wormadam (Sandy),57.4,413,bug,ground,131.1,163.9,142,3050116,50,2005,Bug Bite,Bulldoze,Bug Buzz,15,20,1,10000
Sunflora,57.3,192,grass,none,168.1,126,164,3474032,50,2421,Bullet Seed,Leaf Storm,Sludge Bomb,5,4,3,50000
Dartrix,57.2,723,grass,flying,131.9,129.4,168,2868127,50,1950,Leafage,Brave Bird,Seed Bomb,8,7,3,10000
Klang,57.1,600,steel,none,138.6,158.8,142,3126820,50,2088,Metal Sound,Thunderbolt,Vise Grip,7,5,5,75000
Sealeo (Shadow),57.1,364,ice,water,127.7,123.5,186,2934557,50,1938,Powder Snow,Surf,Body Slam,6,5,3,50000
Octillery,57,224,water,none,172.5,128.7,161,3575365,47,2489,Lock On,Water Pulse,Octazooka,11,10,1,10000
Lilligant,56.9,549,grass,none,175.6,136.1,148,3536066,43,2499,Charm,Petal Blizzard,Hyper Beam,11,14,1,10000
Bastiodon,56.8,411,rock,steel,91.6,252.9,142,3289653,50,1741,Smack Down,Stone Edge,Flamethrower,7,7,5,75000
Graveler,56.8,75,rock,ground,150.4,150.4,135,3054278,50,2145,Mud Slap,Stone Edge,Dig,6,5,1,10000
Exeggutor (Shadow),56.7,103,grass,psychic,175.6,121.5,166,3540669,31.5,2498,Bullet Seed,Seed Bomb,Psychic,4,5,3,50000
Hoopa,56.6,720,psychic,ghost,187.1,137.5,128,3292971,26.5,2487,Astonish,Shadow Ball,Psychic,6,6,20,100000
Exeggutor,56.3,103,grass,psychic,175.6,121.5,166,3540669,31.5,2498,Bullet Seed,Seed Bomb,Psychic,4,5,3,50000
Maractus,56.3,556,grass,none,178.5,119.8,163,3484880,49.5,2496,Bullet Seed,Aerial Ace,Petal Blizzard,4,5,1,10000
Xatu,56.3,178,psychic,flying,173.9,135.3,149,3506318,50,2474,Air Slash,Aerial Ace,Future Sight,5,8,3,50000
Sliggoo,56.2,705,dragon,none,146.2,160.5,154,3613866,50,2303,Water Gun,Muddy Water,Dragon Pulse,12,20,5,75000
Lumineon,56,457,water,none,131.9,155.5,155,3178863,50,2050,Water Gun,Water Pulse,Silver Wind,19,15,3,50000
Azelf,55.6,482,psychic,none,195.1,117.3,138,3159314,28,2487,Confusion,Swift,Future Sight,3,6,20,100000
Darkrai,55.6,491,dark,none,193.1,136.8,121,3195123,24,2484,Snarl,Dark Pulse,Shadow Ball,4,5,20,100000
Fearow,55.6,22,normal,flying,165.5,124.4,149,3067489,50,2257,Steel Wing,Fly,Drill Run,8,8,1,10000
Noivern,55.6,715,flying,dragon,162.5,144,164,3839588,36.5,2498,Air Slash,Hurricane,Draco Meteor,8,8,5,75000
Hoopa (Unbound),55.5,720,psychic,dark,201.1,129.1,117,3037339,22,2473,Astonish,Dark Pulse,Shadow Ball,5,6,20,100000
Sealeo,55.5,364,ice,water,127.7,123.5,186,2934557,50,1938,Powder Snow,Surf,Body Slam,6,5,3,50000
Graveler (Shadow),55.3,75,rock,ground,150.4,150.4,135,3054278,50,2145,Mud Slap,Stone Edge,Dig,6,5,1,10000
Xatu (Shadow),55.1,178,psychic,flying,173.9,135.3,149,3506318,50,2474,Air Slash,Aerial Ace,Future Sight,5,8,3,50000
Porygon-Z,55,474,normal,none,191.1,117.7,145,3261158,28.5,2500,Lock On,Tri Attack,Blizzard,10,15,3,50000
Inteleon,54.8,818,water,none,198.4,115.4,137,3135108,30.5,2497,Water Gun,Surf,Shadow Ball,15,19,3,10000
Wormadam (Plant),54.7,413,bug,grass,131.1,163.9,142,3050116,50,2005,Bug Bite,Energy Ball,Bug Buzz,19,20,1,10000
Bastiodon (Shadow),54.6,411,rock,steel,91.6,252.9,142,3289653,50,1741,Smack Down,Stone Edge,Flamethrower,7,7,5,75000
Porygon-Z (Shadow),54.3,474,normal,none,191.1,117.7,145,3261158,28.5,2500,Lock On,Tri Attack,Blizzard,10,15,3,50000
Gorebyss,53.9,368,water,none,175.3,156.7,129,3543750,43.5,2494,Water Gun,Water Pulse,Psychic,19,19,3,50000
Throh,53.7,538,fighting,none,142.2,139.8,220,4371126,43.5,2495,Low Kick,Body Slam,Brick Break,7,8,5,75000
Rampardos (Shadow),53.5,409,rock,none,211,86.1,162,2942449,27,2495,Smack Down,Rock Slide,Flamethrower,6,7,5,75000
Grotle (Shadow),53.1,388,grass,none,144.5,132.8,164,3147010,50,2137,Razor Leaf,Body Slam,Energy Ball,9,14,3,10000
Gabite,52.7,444,dragon,ground,157.1,117.6,154,2846814,50,2119,Mud Shot,Dig,Flamethrower,7,7,5,75000
Gabite (Shadow),52.4,444,dragon,ground,157.1,117.6,154,2846814,50,2119,Mud Shot,Dig,Flamethrower,7,7,5,75000
Gumshoos,52.4,735,normal,none,175.6,107.6,184,3475704,50,2470,Bite,Rock Tomb,Crunch,25,23,1,10000
Grotle,52.3,388,grass,none,144.5,132.8,164,3147010,50,2137,Razor Leaf,Body Slam,Energy Ball,9,14,3,10000
Cherrim (Overcast),51.9,421,grass,none,155.5,141.2,157,3445477,50,2315,Bullet Seed,Dazzling Gleam,Solar Beam,5,7,1,10000
Raticate (Alolan),51.9,20,dark,normal,126,142,164,2935557,50,1927,Quick Attack,Crunch,Hyper Fang,6,7,1,10000
Raticate (Alolan) (Shadow),51.8,20,dark,normal,126,142,164,2935557,50,1927,Quick Attack,Crunch,Hyper Fang,6,7,1,10000
Throh (Shadow),51.6,538,fighting,none,142.2,139.8,220,4371126,43.5,2495,Low Kick,Body Slam,Brick Break,7,8,5,75000
Mr. Mime (Galarian),51.4,122,ice,psychic,166.4,154.6,127,3267048,50,2338,Confusion,Ice Punch,Psychic,4,5,5,75000
Unfezant,51.1,521,normal,flying,179.3,121.8,159,3473001,37.5,2495,Air Slash,Sky Attack,Return,7,8,1,10000
Thwackey,49.9,811,grass,none,151.3,125.2,157,2973221,50,2121,Razor Leaf,Grass Knot,Energy Ball,13,14,3,10000
Tornadus (Incarnate),49.8,641,flying,none,189.8,123.3,140,3277023,27.5,2495,Air Slash,Grass Knot,Hurricane,6,8,20,100000
Unfezant (Shadow),48.9,521,normal,flying,179.3,121.8,159,3473001,37.5,2495,Air Slash,Sky Attack,Hyper Beam,7,9,1,10000
Seadra,48.6,117,water,none,169.7,143.7,135,3292684,50,2366,Dragon Breath,Hydro Pump,Blizzard,25,25,3,50000
Seadra (Shadow),48.6,117,water,none,169.7,143.7,135,3292684,50,2366,Dragon Breath,Hydro Pump,Blizzard,25,25,3,50000
Rampardos,48.5,409,rock,none,211,86.1,162,2942449,27,2495,Smack Down,Rock Slide,Flamethrower,6,7,5,75000
Deoxys (Speed),47.6,386,psychic,none,180,169.6,113,3449282,32,2492,Charge Beam,Psycho Boost,Swift,4,4,20,100000
Illumise,45.1,314,bug,none,132.8,152.1,149,3008782,50,2002,Tackle,Silver Wind,Dazzling Gleam,15,19,3,50000
Regigigas,43.6,486,normal,none,178.7,137.7,141,3471447,21,2494,Hidden Power (Ice),Crush Grip,Thunder,7,8,20,100000
Volbeat,42.2,313,bug,none,132.8,152.1,149,3008782,50,2002,Tackle,Thunderbolt,Bug Buzz,19,20,3,50000
Regigigas (Shadow),40.3,486,normal,none,180,133.5,144,3458536,21,2498,Hidden Power (Ice),Crush Grip,Thunder,7,8,20,100000
Shaymin (Land),37.5,492,grass,none,152.6,157.6,169,4065161,28.5,2490,Zen Headbutt,Grass Knot,Seed Flare,9,13,20,100000
Audino,35.6,531,normal,none,108.4,149.6,205,3323780,50,1902,Zen Headbutt,Body Slam,Disarming Voice,6,8,3,50000
Chansey,34.9,113,normal,none,63,120.2,421,3188219,50,1418,Zen Headbutt,Dazzling Gleam,Psychic,10,10,5,75000
Slaking,22.2,289,normal,none,180,108.4,178,3471096,21,2500,Yawn,Body Slam,Earthquake,3,6,5,75000
Slaking (Shadow),21.6,289,normal,none,180,108.4,178,3471096,21,2500,Yawn,Body Slam,Earthquake,3,6,5,75000
