Scizor (Mega),78.5,212,bug,steel,179.3,164.7,117,3456554,22.5,2492,Bullet Punch,Iron Head,Night Slash,8,5,5,75000
Swampert (Mega),76.6,260,water,ground,174.8,139.7,145,3541077,20.5,2489,Mud Shot,Earthquake,Hydro Cannon,9,5,3,10000
Mawile (Mega),72,303,steel,fairy,160.7,190.7,126,3862324,48.5,2497,Astonish,Iron Head,Play Rough,5,6,5,75000
Steelix (Mega),69.3,208,steel,ground,145.7,230.7,127,4269263,25.5,2499,Dragon Tail,Breaking Swipe,Crunch,4,5,5,75000
Lucario (Mega),68.3,448,fighting,steel,205.5,120.4,122,3018848,24,2494,Bullet Punch,Aura Sphere,Blaze Kick,8,6,5,75000
Latios (Mega),64.4,381,dragon,psychic,194.8,147.1,112,3208797,18.5,2500,Dragon Breath,Dragon Claw,Luster Purge,12,20,20,100000
Altaria (Mega),62.8,334,dragon,fairy,164,165.4,140,3797840,29.5,2495,Dragon Breath,Dazzling Gleam,Dragon Pulse,19,20,1,10000
Medicham (Mega),61.8,308,fighting,psychic,169.6,156.7,137,3642113,43.5,2488,Counter,Dynamic Punch,Ice Punch,8,7,3,50000
Houndoom (Mega),60,229,dark,fire,192.4,133.5,126,3236547,24,2498,Fire Fang,Crunch,Fire Blast,8,14,3,50000
Venusaur (Mega),59.1,3,grass,poison,165,173.7,132,3781911,25,2500,Razor Leaf,Frenzy Plant,Petal Blizzard,12,17,3,10000
Gyarados (Mega),58.6,130,water,dark,175.2,149.2,136,3555944,19.5,2498,Bite,Aqua Tail,Crunch,18,23,1,10000
Pidgeot (Mega),58,18,normal,flying,190.4,126.2,136,3268230,25,2496,Air Slash,Aerial Ace,Air Cutter,5,4,1,10000
Diancie (Mega),57,719,rock,fairy,212.9,150.6,90,2885639,20.5,2488,Rock Throw,Moonblast,Power Gem,12,10,20,100000
Aggron (Mega),56.6,306,steel,none,157.9,216.2,115,3925118,22,2499,Dragon Tail,Heavy Slam,Meteor Beam,6,7,1,10000
Sableye (Mega),55.5,302,dark,ghost,139.5,194.1,127,3438686,50,2196,Feint Attack,Dazzling Gleam,Foul Play,10,7,5,75000
Heracross (Mega),55,214,bug,fighting,197.4,136.3,117,3146759,19,2498,Counter,Close Combat,Earthquake,8,11,3,50000
Kyogre (Primal),55,382,water,none,187.8,147.8,119,3302159,15.5,2494,Waterfall,Blizzard,Hydro Pump,10,10,20,100000
Slowbro (Mega),54.9,80,water,psychic,151.4,180.5,150,4099967,24.5,2492,Confusion,Ice Beam,Psychic,5,5,3,50000
Blaziken (Mega),54.5,257,fire,fighting,208.6,112.2,127,2971914,22,2492,Counter,Blast Burn,Blaze Kick,9,7,3,10000
Pinsir (Mega),54.5,127,bug,flying,194.9,151,109,3207297,22,2500,Bug Bite,Close Combat,Submission,15,17,5,75000
Beedrill (Mega),53.9,15,bug,poison,213.8,113.1,120,2902808,27,2499,Bug Bite,Aerial Ace,Drill Run,14,15,1,10000
Tyranitar (Mega),53.5,248,rock,dark,172.4,160.3,130,3592171,17,2493,Bite,Brutal Swing,Crunch,18,23,5,75000
Gallade (Mega),53.3,475,psychic,fighting,198.3,144.6,109,3125434,20,2500,Charm,Close Combat,Leaf Blade,8,6,5,75000
Absol (Mega),53.1,359,dark,none,222.8,100.2,124,2767288,27.5,2489,Psycho Cut,Brutal Swing,Dark Pulse,4,6,5,75000
Latias (Mega),52.8,380,dragon,psychic,171.8,180.5,117,3627703,19,2496,Charm,Mist Ball,Outrage,10,10,20,100000
Garchomp (Mega),52.4,445,dragon,ground,188.9,127.2,137,3293086,17,2500,Dragon Tail,Earthquake,Earth Power,8,7,5,75000
Lopunny (Mega),52.1,428,normal,fighting,189.8,150.1,115,3275643,24.5,2493,Double Kick,Fire Punch,Focus Blast,4,7,3,50000
Salamence (Mega),50.2,373,dragon,flying,179.7,150.8,128,3466896,18,2496,Bite,Draco Meteor,Fire Blast,33,40,5,75000
Alakazam (Mega),50.1,65,psychic,none,222.2,130.2,96,2778441,20,2487,Confusion,Dazzling Gleam,Fire Punch,5,4,3,50000
Rayquaza (Mega),49.4,384,dragon,flying,204.6,118.3,126,3050557,15.5,2500,Air Slash,Aerial Ace,Ancient Power,5,5,20,100000
Sceptile (Mega),48.5,254,grass,dragon,206.6,123.6,118,3011841,22.5,2499,Bullet Seed,Aerial Ace,Breaking Swipe,4,3,3,10000
Gengar (Mega),47.5,94,ghost,poison,217.3,127.9,103,2863769,21,2500,Hex,Dark Pulse,Focus Blast,4,6,3,50000
Aerodactyl (Mega),47.4,142,rock,flying,185.5,141,127,3320574,22,2489,Bite,Ancient Power,Earth Power,23,28,5,75000
Blastoise (Mega),47.4,9,water,none,173.6,158.9,130,3585998,23,2495,Bite,Flash Cannon,Hydro Cannon,35,20,3,10000
Glalie (Mega),46.3,362,ice,none,183.1,128.7,144,3391800,28,2493,Frost Breath,Avalanche,Gyro Ball,9,12,3,50000
Audino (Mega),44.9,531,normal,fairy,126.8,200,192,4868922,39.5,2485,Pound,Body Slam,Dazzling Gleam,9,14,3,50000
Groudon (Primal),44.6,383,fire,ground,187.8,147.8,119,3302159,15.5,2494,Dragon Tail,Earthquake,Fire Blast,8,9,20,100000
Ampharos (Mega),43.7,181,electric,dragon,184.6,132.6,137,3351960,21.5,2491,Charge Beam,Brutal Swing,Dragon Pulse,4,6,5,75000
Abomasnow (Mega),40.2,460,grass,ice,170.1,139.5,154,3654110,27,2493,Leafage,Blizzard,Energy Ball,11,8,3,50000
Banette (Mega),36.4,354,ghost,none,214.4,114.9,118,2906582,25,2498,Hex,Dazzling Gleam,Return,5,6,3,50000
Kangaskhan (Mega),31.7,115,normal,none,164.3,143.3,161,3790335,24,2500,Low Kick,Brick Break,Crunch,8,9,3,50000
Gardevoir (Mega),26.9,282,psychic,fairy,199.6,140.9,111,3122126,20.5,2499,Charge Beam,Dazzling Gleam,Psychic,5,5,5,75000
Manectric (Mega),24.8,310,electric,none,197.7,126.8,126,3158387,25.5,2499,Charge Beam,Flame Burst,Overheat,5,5,3,50000
